"","PYPL.Open","PYPL.High","PYPL.Low","PYPL.Close","PYPL.Volume","PYPL.Adjusted"
"2015-07-06",38,39.75,36,36.7099990844727,5866600,36.5147743225098
"2015-07-07",37.7200012207031,37.810001373291,36,36.6199989318848,7359000,36.4252548217773
"2015-07-08",36.3400001525879,36.3600006103516,34.5299987792969,34.7000007629395,5387700,34.5154647827148
"2015-07-09",35.0999984741211,35.5200004577637,33.9900016784668,34.5,3760100,34.3165283203125
"2015-07-10",34.6599998474121,35.189998626709,33.9799995422363,34.689998626709,4472800,34.5055160522461
"2015-07-13",35.5900001525879,37.5,35.5,36.7799987792969,7626000,36.584400177002
"2015-07-14",36.9900016784668,37.7400016784668,36.5999984741211,36.9300003051758,4653300,36.7336082458496
"2015-07-15",37.9799995422363,38.2000007629395,37.0299987792969,37.5099983215332,13072800,37.3105201721191
"2015-07-16",38.8199996948242,39.9700012207031,38.0800018310547,38.6300010681152,21348500,38.4245681762695
"2015-07-17",39.4199981689453,40.2000007629395,38.1800003051758,38.3899993896484,45720200,38.1858406066895
"2015-07-20",41.4599990844727,42.5499992370605,39.7999992370605,40.4700012207031,52286500,40.2547798156738
"2015-07-21",41.0800018310547,41.1100006103516,39.1199989318848,39.3499984741211,32954600,39.1407356262207
"2015-07-22",39.3499984741211,39.7200012207031,38.0999984741211,38.3899993896484,25363900,38.1858406066895
"2015-07-23",38.7400016784668,38.75,36.9300003051758,37.0099983215332,19250200,36.8131790161133
"2015-07-24",37.7099990844727,38,36.9099998474121,37,14274300,36.8032341003418
"2015-07-27",36.7799987792969,37.3800010681152,36.2200012207031,36.3899993896484,16179900,36.196475982666
"2015-07-28",37.189998626709,38,36.8300018310547,37.5999984741211,18986000,37.4000434875488
"2015-07-29",38.0299987792969,38.0999984741211,37.6199989318848,37.9500007629395,11788400,37.7481842041016
"2015-07-30",38.0400009155273,39.0099983215332,37.7150001525879,38.4500007629395,13845100,38.2455253601074
"2015-07-31",39.1399993896484,39.2000007629395,38.2200012207031,38.7000007629395,12480600,38.4941940307617
"2015-08-03",39.25,39.8800010681152,38.9000015258789,39.3899993896484,15126600,39.1805229187012
"2015-08-04",39.9099998474121,39.9099998474121,38.4300003051758,38.9500007629395,10992200,38.742862701416
"2015-08-05",39.7000007629395,39.8800010681152,39.1699981689453,39.2700004577637,9463100,39.0611610412598
"2015-08-06",39.6300010681152,39.7400016784668,38.5499992370605,38.8499984741211,7324100,38.6433944702148
"2015-08-07",39.0400009155273,39.2299995422363,38.5999984741211,39.1300010681152,8331300,38.9219093322754
"2015-08-10",39.4300003051758,39.689998626709,38.7700004577637,39.0499992370605,7998900,38.8423309326172
"2015-08-11",38.9300003051758,39.2799987792969,38.7200012207031,38.8499984741211,8184000,38.6433944702148
"2015-08-12",38.5499992370605,38.5800018310547,37.0099983215332,38.189998626709,21350600,37.9869041442871
"2015-08-13",38.4000015258789,38.4900016784668,37.439998626709,37.6199989318848,7863500,37.4199371337891
"2015-08-14",37.4900016784668,38.1800003051758,37.3800010681152,38.1399993896484,6271100,37.9371719360352
"2015-08-17",38.2999992370605,38.75,37.7000007629395,38.7299995422363,4931700,38.5240325927734
"2015-08-18",39,39,37.8699989318848,37.9900016784668,4678800,37.787971496582
"2015-08-19",37.8699989318848,38.0999984741211,37.0299987792969,37.189998626709,6923400,36.9922256469727
"2015-08-20",36.8499984741211,37.3400001525879,35.8800010681152,35.9799995422363,10645700,35.7886581420898
"2015-08-21",35.5699996948242,36.1100006103516,33.8300018310547,34.25,16824100,34.0678596496582
"2015-08-24",31.1700000762939,34.8499984741211,30,33.75,19676600,33.5705146789551
"2015-08-25",35.439998626709,35.4599990844727,32.7000007629395,32.7000007629395,15557100,32.5261001586914
"2015-08-26",33.7000007629395,33.8400001525879,31.7099990844727,33.1699981689453,25350400,32.9935989379883
"2015-08-27",33.8699989318848,34.7700004577637,33.1599998474121,34.6199989318848,18909600,34.4358863830566
"2015-08-28",34.5099983215332,35.2599983215332,34.3699989318848,35.0400009155273,8344800,34.8536567687988
"2015-08-31",35.5,35.5099983215332,34.7700004577637,35,12123800,34.8138694763184
"2015-09-01",34.1500015258789,34.6800003051758,33.4099998474121,33.7700004577637,13376000,33.5904121398926
"2015-09-02",34.5999984741211,35.0800018310547,33.8349990844727,35.0699996948242,7521000,34.8834953308105
"2015-09-03",35.0099983215332,35.4599990844727,34.7700004577637,35.310001373291,6683800,35.1222229003906
"2015-09-04",34.7099990844727,34.7200012207031,33.7799987792969,34.2900009155273,7483100,34.1076469421387
"2015-09-08",34.810001373291,34.8899993896484,34.25,34.7000007629395,7674500,34.5154647827148
"2015-09-09",34.9199981689453,34.9500007629395,33.8800010681152,34.3699989318848,10946900,34.1872215270996
"2015-09-10",34.2299995422363,34.2900009155273,32.9500007629395,33.4599990844727,12134500,33.2820587158203
"2015-09-11",33.2700004577637,33.5900001525879,32.6100006103516,33.5499992370605,9184200,33.3715782165527
"2015-09-14",33.7000007629395,33.9500007629395,33.2000007629395,33.7700004577637,7897700,33.5904121398926
"2015-09-15",33.7200012207031,33.9500007629395,32.6699981689453,33.7999992370605,11874900,33.6202507019043
"2015-09-16",33.4599990844727,34.060001373291,33.3600006103516,33.7700004577637,7183900,33.5904121398926
"2015-09-17",33.7200012207031,33.9900016784668,33.0800018310547,33.3199996948242,7846800,33.1428031921387
"2015-09-18",32.9000015258789,33.7799987792969,32.5499992370605,32.9199981689453,16488100,32.744930267334
"2015-09-21",33.6599998474121,34.6199989318848,33.4300003051758,34.25,12736500,34.0678596496582
"2015-09-22",33.939998626709,34.0999984741211,33.189998626709,33.3499984741211,8538000,33.1726417541504
"2015-09-23",33.4900016784668,34.3400001525879,33.2599983215332,34.1599998474121,5405500,33.9783401489258
"2015-09-24",34,34.0699996948242,33.3800010681152,33.9099998474121,6544500,33.7296676635742
"2015-09-25",34.5999984741211,34.689998626709,33.5,33.7700004577637,6566800,33.5904121398926
"2015-09-28",33.6800003051758,33.6800003051758,32.1549987792969,32.25,7407300,32.0784950256348
"2015-09-29",32.2700004577637,32.6699981689453,30.2999992370605,30.6299991607666,12008100,30.4671096801758
"2015-09-30",31.2000007629395,31.2800006866455,30.6399993896484,31.0400009155273,13672000,30.8749313354492
"2015-10-01",30.8199996948242,31.5869998931885,30.75,31.4799995422363,9657000,31.3125896453857
"2015-10-02",30.8199996948242,32.8600006103516,30.75,32.8300018310547,7609800,32.6554145812988
"2015-10-05",32.9500007629395,33.0200004577637,32.3800010681152,32.6699981689453,6119100,32.4962577819824
"2015-10-06",32.9099998474121,32.9099998474121,31.7800006866455,31.8600006103516,7409800,31.6905689239502
"2015-10-07",32.310001373291,32.4710006713867,31.5200004577637,32.3800010681152,6969600,32.2078056335449
"2015-10-08",32.439998626709,32.4500007629395,31.0900001525879,31.6700000762939,9281500,31.501579284668
"2015-10-09",31.6900005340576,32.4500007629395,31.4099998474121,32.060001373291,5911400,31.8895053863525
"2015-10-12",32.189998626709,32.6699981689453,32.0999984741211,32.6300010681152,3915500,32.4564781188965
"2015-10-13",32.5999984741211,33.4799995422363,32.3400001525879,33.2200012207031,8787700,33.0433387756348
"2015-10-14",33.4000015258789,34.4599990844727,33.4000015258789,34.0499992370605,8198300,33.8689193725586
"2015-10-15",34.4500007629395,34.7200012207031,34.1599998474121,34.6199989318848,9103200,34.4358863830566
"2015-10-16",34.75,35.0499992370605,33.9500007629395,34.2900009155273,5390700,34.1076469421387
"2015-10-19",34.4300003051758,34.9049987792969,33.7900009155273,34.8400001525879,5855700,34.6547203063965
"2015-10-20",34.7999992370605,34.9900016784668,34.5900001525879,34.8699989318848,6084200,34.6845588684082
"2015-10-21",34.75,34.7999992370605,32.8800010681152,33.8300018310547,9054500,33.6500930786133
"2015-10-22",34.4300003051758,35.25,34.2599983215332,34.7900009155273,8735500,34.6049880981445
"2015-10-23",35.7299995422363,35.75,34.7999992370605,34.9900016784668,8909100,34.8039245605469
"2015-10-26",36.0499992370605,36.5900001525879,35.5149993896484,36.439998626709,11554600,36.2462120056152
"2015-10-27",36.3899993896484,36.3940010070801,35.310001373291,35.939998626709,8502400,35.7488670349121
"2015-10-28",36.2099990844727,36.6500015258789,35.810001373291,36.5200004577637,11634300,36.3257865905762
"2015-10-29",34.7299995422363,36.5,34.5,35.9099998474121,25137300,35.7190284729004
"2015-10-30",35.6399993896484,36.4900016784668,35.2400016784668,36.0099983215332,13409200,35.8184967041016
"2015-11-02",35.5800018310547,37.4099998474121,35.4500007629395,36.9900016784668,11254900,36.793285369873
"2015-11-03",37.0499992370605,38.439998626709,37,37.9000015258789,12025200,37.6984481811523
"2015-11-04",38.4500007629395,38.5200004577637,37.3300018310547,37.5999984741211,12226800,37.4000434875488
"2015-11-05",37.8199996948242,37.9799995422363,36.6599998474121,36.7099990844727,9068900,36.5147743225098
"2015-11-06",36.5900001525879,36.7000007629395,35.7999992370605,36.2400016784668,10256800,36.0472793579102
"2015-11-09",36.0999984741211,36.7400016784668,35.6500015258789,36.5999984741211,11571500,36.4053573608398
"2015-11-10",36.5800018310547,37.2000007629395,36.5,37,36384400,36.8032341003418
"2015-11-11",37.189998626709,37.3199996948242,35.75,36.3300018310547,12762500,36.1367988586426
"2015-11-12",35.9449996948242,36.0499992370605,34.8300018310547,35.5699996948242,11835900,35.3808364868164
"2015-11-13",35.1800003051758,35.5,34.5,34.5299987792969,7364400,34.3463706970215
"2015-11-16",34.5499992370605,35.6599998474121,34.5299987792969,35.6100006103516,6734500,35.4206275939941
"2015-11-17",35.8899993896484,36.4500007629395,35.7099990844727,36.2099990844727,7344900,36.0174331665039
"2015-11-18",36.3199996948242,36.9500007629395,35.7849998474121,36.2200012207031,8323100,36.0273818969727
"2015-11-19",36.4500007629395,36.5,35.9099998474121,36.189998626709,5041300,35.9975395202637
"2015-11-20",36.4500007629395,36.4500007629395,35.9199981689453,36.3600006103516,4543400,36.1666374206543
"2015-11-23",36.5,36.6500015258789,35.4099998474121,35.560001373291,6961000,35.3708915710449
"2015-11-24",35.25,35.2999992370605,34.8800010681152,35.1199989318848,8390100,34.9332313537598
"2015-11-25",35.2000007629395,35.8600006103516,35.1300010681152,35.3600006103516,3881800,35.1719551086426
"2015-11-27",35.5200004577637,35.7000007629395,35.060001373291,35.1800003051758,2549400,34.9929122924805
"2015-11-30",35.3600006103516,35.439998626709,34.689998626709,35.2599983215332,9357300,35.0724830627441
"2015-12-01",35.4099998474121,35.4099998474121,33.8499984741211,35.1699981689453,14893900,34.9829635620117
"2015-12-02",35.2299995422363,36.1699981689453,34.9300003051758,35.1500015258789,5762400,34.9630737304688
"2015-12-03",35.2000007629395,35.2299995422363,33.8499984741211,34.2299995422363,7311900,34.0479621887207
"2015-12-04",34.3800010681152,35.8199996948242,34.2200012207031,35.6199989318848,10664300,35.4305725097656
"2015-12-07",35.7099990844727,35.7999992370605,34.8499984741211,35.1599998474121,4918000,34.9730186462402
"2015-12-08",34.6300010681152,35.7000007629395,34.5200004577637,35.5999984741211,7420800,35.4106788635254
"2015-12-09",35.3899993896484,35.5999984741211,34.8300018310547,35.0699996948242,7381700,34.8834953308105
"2015-12-10",35.1599998474121,35.9099998474121,35.1599998474121,35.4900016784668,6949700,35.3012657165527
"2015-12-11",35.1500015258789,35.326000213623,34.4199981689453,34.689998626709,8309200,34.5055160522461
"2015-12-14",34.6100006103516,35.2229995727539,34.3300018310547,35.0099983215332,5784400,34.8238182067871
"2015-12-15",35.189998626709,36.5099983215332,35.1800003051758,36.3199996948242,11709900,36.1268501281738
"2015-12-16",36.1199989318848,36.25,35.189998626709,35.9799995422363,7076300,35.7886581420898
"2015-12-17",36,36.5800018310547,35.5099983215332,35.5400009155273,6454100,35.3509979248047
"2015-12-18",35.3499984741211,35.7599983215332,34.7299995422363,34.9799995422363,13745900,34.7939758300781
"2015-12-21",35.2099990844727,36.1500015258789,35.1100006103516,36.0800018310547,5856000,35.8881301879883
"2015-12-22",36.1199989318848,36.8899993896484,35.7799987792969,36.8050003051758,6030900,36.6092681884766
"2015-12-23",36.7900009155273,37.6800003051758,36.7700004577637,37.1100006103516,7579500,36.9126510620117
"2015-12-24",37.0099983215332,37.2299995422363,36.8199996948242,37.0699996948242,2133400,36.872859954834
"2015-12-28",36.7000007629395,37,36.25,36.6100006103516,4930100,36.4153060913086
"2015-12-29",36.9199981689453,37.4500007629395,36.75,37.0800018310547,3436600,36.8828086853027
"2015-12-30",37.0699996948242,37.25,36.4599990844727,36.4799995422363,4106700,36.2859992980957
"2015-12-31",36.2999992370605,36.5,36.0509986877441,36.2000007629395,4481900,36.0074882507324
"2016-01-04",35.1300010681152,35.560001373291,34.2799987792969,34.75,12287700,34.5652008056641
"2016-01-05",34.9799995422363,34.9799995422363,33.8600006103516,34.310001373291,11227700,34.1275405883789
"2016-01-06",33.7000007629395,34.0099983215332,33.2099990844727,33.9799995422363,8441300,33.7992935180664
"2016-01-07",33.1500015258789,34.1609992980957,33.0200004577637,33.1300010681152,11041100,32.9538154602051
"2016-01-08",33.4599990844727,33.8800010681152,32.6300010681152,32.689998626709,7848800,32.5161514282227
"2016-01-11",33.0200004577637,33.4300003051758,32.4700012207031,33.0400009155273,8937400,32.8642959594727
"2016-01-12",33.3499984741211,33.5699996948242,32.6599998474121,33.0800018310547,7854000,32.9040832519531
"2016-01-13",33.2799987792969,33.5699996948242,31.9699993133545,32.1199989318848,8069400,31.9491844177246
"2016-01-14",32.1500015258789,33.0400009155273,31.7049999237061,32.8699989318848,7749500,32.6951942443848
"2016-01-15",31.6200008392334,32.5400009155273,31.6200008392334,32.310001373291,12174400,32.1381759643555
"2016-01-19",32.7599983215332,33.1800003051758,31.9300003051758,32.2000007629395,6674700,32.0287628173828
"2016-01-20",31.4300003051758,31.7000007629395,30.5200004577637,31.2000007629395,13170600,31.0340785980225
"2016-01-21",31.6100006103516,31.7399997711182,30.8999996185303,31.2000007629395,9978900,31.0340785980225
"2016-01-22",31.6499996185303,31.9699993133545,31.5400009155273,31.6900005340576,9444000,31.5214729309082
"2016-01-25",31.9799995422363,31.9799995422363,31.3500003814697,31.4699993133545,7591800,31.3026428222656
"2016-01-26",31.4899997711182,31.9799995422363,31.3899993896484,31.9699993133545,8617000,31.7999820709229
"2016-01-27",31.9599990844727,32.6300010681152,31.3799991607666,31.5900001525879,12711700,31.422004699707
"2016-01-28",33.6300010681152,34.75,33.3499984741211,34.2400016784668,20378600,34.0579109191895
"2016-01-29",34.4900016784668,36.2599983215332,34.3600006103516,36.1399993896484,21201100,35.9478034973145
"2016-02-01",35.6500015258789,37.3199996948242,35.5900001525879,37.0800018310547,17356000,36.8828086853027
"2016-02-02",36.5299987792969,37.7700004577637,36.439998626709,36.8300018310547,17310600,36.6341400146484
"2016-02-03",36.8699989318848,37.5499992370605,36.0699996948242,37.0099983215332,14543100,36.8131790161133
"2016-02-04",36.6599998474121,37.2849998474121,36.5400009155273,37.1699981689453,10212300,36.9723281860352
"2016-02-05",37.1599998474121,37.1599998474121,34.8199996948242,35.0699996948242,16245800,34.8834953308105
"2016-02-08",34,34.2900009155273,31.9799995422363,33.6100006103516,20629000,33.4312629699707
"2016-02-09",32.7999992370605,33.8580017089844,31.6399993896484,32.7000007629395,16439200,32.5261001586914
"2016-02-10",33.6199989318848,33.939998626709,32.8199996948242,32.9000015258789,8636500,32.7250366210938
"2016-02-11",32.1199989318848,33.6399993896484,32.0099983215332,33.5200004577637,13170100,33.341739654541
"2016-02-12",33.9700012207031,34.439998626709,33.810001373291,34.2999992370605,9437100,34.1175918579102
"2016-02-16",34.6500015258789,35.5200004577637,34.4799995422363,35.4599990844727,9152400,35.2714233398438
"2016-02-17",35.9799995422363,36.9099998474121,35.810001373291,36.3600006103516,12070600,36.1666374206543
"2016-02-18",36.4099998474121,36.5299987792969,35.6599998474121,36.310001373291,9022100,36.1169052124023
"2016-02-19",36,36.2350006103516,35.6100006103516,35.7599983215332,9652800,35.56982421875
"2016-02-22",36.4500007629395,36.5,35.8199996948242,36,10476200,35.8085517883301
"2016-02-23",35.7200012207031,35.935001373291,35.0200004577637,35.4799995422363,8415200,35.291316986084
"2016-02-24",35.2200012207031,36.75,34.8600006103516,36.4700012207031,8090600,36.2760543823242
"2016-02-25",36.6699981689453,36.8300018310547,36.1800003051758,36.7400016784668,5209500,36.544620513916
"2016-02-26",36.7299995422363,37.5349998474121,36.3699989318848,37.4900016784668,8595000,37.2906303405762
"2016-02-29",37.4700012207031,38.9300003051758,37.4500007629395,38.1399993896484,23939900,37.9371719360352
"2016-03-01",38.5200004577637,39.5449981689453,38.0200004577637,39.25,14085300,39.0412673950195
"2016-03-02",39.2000007629395,39.9300003051758,38.7000007629395,39.1599998474121,12895900,38.9517440795898
"2016-03-03",38.9599990844727,39.2400016784668,38.6290016174316,39.0200004577637,7656900,38.8124923706055
"2016-03-04",38.7700004577637,39.7000007629395,38.7550010681152,39.0400009155273,7200100,38.8323860168457
"2016-03-07",38.7799987792969,39.4000015258789,38.7200012207031,38.9799995422363,5327200,38.7727012634277
"2016-03-08",38.689998626709,38.8800010681152,38.1100006103516,38.1599998474121,6012700,37.9570655822754
"2016-03-09",38.4799995422363,38.6199989318848,37.8199996948242,38.5699996948242,4990500,38.3648834228516
"2016-03-10",38.6599998474121,39.2999992370605,37.4799995422363,38.4900016784668,7655700,38.2853126525879
"2016-03-11",39,39.5299987792969,38.8499984741211,39.4900016784668,9539500,39.2799949645996
"2016-03-14",39.4000015258789,39.7999992370605,39.0400009155273,39.3800010681152,5299700,39.1705780029297
"2016-03-15",39.0499992370605,39.6399993896484,39.0499992370605,39.2700004577637,5013900,39.0611610412598
"2016-03-16",39.0900001525879,39.8899993896484,38.5699996948242,39.8400001525879,6363500,39.6281280517578
"2016-03-17",39.8499984741211,40.1199989318848,39.1699981689453,39.9300003051758,9789600,39.7176513671875
"2016-03-18",39.8600006103516,39.8600006103516,38.689998626709,39.4099998474121,15132400,39.2004165649414
"2016-03-21",39.4099998474121,41.1699981689453,39.2000007629395,41.1399993896484,13432400,40.921215057373
"2016-03-22",40.6699981689453,41.75,40.6300010681152,41.3199996948242,10552300,41.1002616882324
"2016-03-23",41.060001373291,41.310001373291,40.0400009155273,40.5200004577637,8104700,40.304515838623
"2016-03-24",39.4000015258789,39.5099983215332,37,38.9199981689453,15040600,38.7130241394043
"2016-03-28",38.810001373291,39.1699981689453,38.6199989318848,38.7400016784668,6192900,38.5339813232422
"2016-03-29",38.7400016784668,39.7150001525879,38.2999992370605,39.5299987792969,5694000,39.3197784423828
"2016-03-30",39.939998626709,40.0400009155273,38.9949989318848,39.0400009155273,5246800,38.8323860168457
"2016-03-31",38.7400016784668,39,38.4300003051758,38.5999984741211,8087000,38.3947219848633
"2016-04-01",38.5099983215332,39.4599990844727,38.4000015258789,39.4000015258789,6982000,39.1904716491699
"2016-04-04",39.3600006103516,39.3800010681152,38.4099998474121,38.7900009155273,5381300,38.5837135314941
"2016-04-05",38.3499984741211,38.810001373291,37.7000007629395,38.5499992370605,5364800,38.3449897766113
"2016-04-06",38.4500007629395,39.185001373291,38.25,39.1599998474121,5526200,38.9517440795898
"2016-04-07",38.8499984741211,38.939998626709,38.1199989318848,38.2799987792969,7294500,38.0764274597168
"2016-04-08",38.6100006103516,38.6990013122559,38.0999984741211,38.4099998474121,7822300,38.2057342529297
"2016-04-11",38.3300018310547,38.8199996948242,38.0299987792969,38.060001373291,5428900,37.8576011657715
"2016-04-12",38.3199996948242,38.3199996948242,37.3400001525879,37.7999992370605,7677100,37.5989799499512
"2016-04-13",38.25,39.1199989318848,38.189998626709,38.7900009155273,7082400,38.5837135314941
"2016-04-14",38.939998626709,39.0200004577637,38.4150009155273,38.6399993896484,4590200,38.434513092041
"2016-04-15",38.689998626709,38.9500007629395,38.2900009155273,38.5800018310547,5239600,38.3748321533203
"2016-04-18",38.560001373291,39.689998626709,38.4300003051758,39.6399993896484,6433000,39.4291915893555
"2016-04-19",39.75,40.0699996948242,38.9749984741211,39.2400016784668,5915800,39.031322479248
"2016-04-20",39.2400016784668,40.2400016784668,39.1699981689453,40.0800018310547,7723500,39.8668556213379
"2016-04-21",40.2000007629395,40.5499992370605,40.0139999389648,40.0999984741211,5539400,39.8867454528809
"2016-04-22",39.7200012207031,40.6349983215332,39.6800003051758,40.310001373291,6433900,40.095630645752
"2016-04-25",40.2700004577637,40.8400001525879,39.5400009155273,39.8199996948242,7934200,39.6082344055176
"2016-04-26",39.5699996948242,40.1300010681152,39.3300018310547,39.7299995422363,5271200,39.5187149047852
"2016-04-27",39.6800003051758,40.1800003051758,39.2000007629395,40.0099983215332,12727600,39.7972259521484
"2016-04-28",41,41.4900016784668,39.9099998474121,40.0699996948242,17800000,39.8569068908691
"2016-04-29",39.7099990844727,39.8699989318848,38.5900001525879,39.1800003051758,10001400,38.9716377258301
"2016-05-02",39.0699996948242,39.2700004577637,38.7299995422363,39.0200004577637,6777500,38.8124923706055
"2016-05-03",38.6300010681152,38.9700012207031,38.1399993896484,38.3600006103516,9146600,38.1560020446777
"2016-05-04",38.0699996948242,38.4599990844727,37.8699989318848,38.310001373291,8121600,38.1062660217285
"2016-05-05",38.3800010681152,39.1189994812012,38.3199996948242,38.9500007629395,7127200,38.742862701416
"2016-05-06",38.7099990844727,39.7000007629395,38.6100006103516,39.4799995422363,6566900,39.2700462341309
"2016-05-09",39.4199981689453,40.1800003051758,39.3300018310547,39.6199989318848,5861000,39.4092979431152
"2016-05-10",39.6199989318848,40.1500015258789,39.2400016784668,40.1100006103516,6588700,39.8966941833496
"2016-05-11",39.5699996948242,40.3139991760254,39.5699996948242,39.7099990844727,5995500,39.4988212585449
"2016-05-12",39.8499984741211,40,39.1699981689453,39.5099983215332,6323100,39.2998847961426
"2016-05-13",39.5400009155273,39.7999992370605,39.310001373291,39.4799995422363,5885900,39.2700462341309
"2016-05-16",39.3600006103516,39.5299987792969,39.1300010681152,39.2999992370605,10316000,39.0910034179688
"2016-05-17",39.0999984741211,39.6599998474121,38.75,39.064998626709,10746100,38.857250213623
"2016-05-18",39.1800003051758,39.3600006103516,38.5,38.9799995422363,10393500,38.7727012634277
"2016-05-19",38.810001373291,38.8800010681152,37.310001373291,37.6500015258789,17041300,37.4497756958008
"2016-05-20",37.7900009155273,37.9500007629395,37.4900016784668,37.5299987792969,12496600,37.3304138183594
"2016-05-23",37.6800003051758,38.2299995422363,37.3899993896484,38.0699996948242,9083800,37.867546081543
"2016-05-24",38.2799987792969,39.0050010681152,38.2799987792969,38.9199981689453,7555200,38.7130241394043
"2016-05-25",38.8699989318848,39.060001373291,38.5099983215332,38.7599983215332,6538900,38.5538711547852
"2016-05-26",38.7099990844727,38.7400016784668,38,38.0699996948242,5894700,37.867546081543
"2016-05-27",38,38.3450012207031,37.9199981689453,38.0900001525879,5863600,37.8874359130859
"2016-05-31",37.9599990844727,38.0299987792969,37.5,37.7900009155273,12231400,37.5890350341797
"2016-06-01",37.810001373291,38.4790000915527,37.7099990844727,38.310001373291,5458500,38.1062660217285
"2016-06-02",38.4199981689453,38.685001373291,38.3199996948242,38.560001373291,4658600,38.3549385070801
"2016-06-03",38.439998626709,38.5900001525879,37.8129997253418,38.3300018310547,4986000,38.126163482666
"2016-06-06",38.4700012207031,38.4900016784668,37.9799995422363,38.0999984741211,5065900,37.8973808288574
"2016-06-07",38.0699996948242,38.4799995422363,37.5200004577637,37.5699996948242,6324400,37.3702049255371
"2016-06-08",37.5299987792969,37.7000007629395,37.060001373291,37.5499992370605,8666600,37.3503074645996
"2016-06-09",37.4799995422363,37.5699996948242,37.1100006103516,37.1300010681152,10206700,36.932544708252
"2016-06-10",36.8300018310547,37.0499992370605,36.6199989318848,36.7700004577637,7741400,36.5744590759277
"2016-06-13",36.5,37.1100006103516,36.4949989318848,36.5400009155273,8216000,36.3456840515137
"2016-06-14",36.3699989318848,37.2750015258789,36.25,37.1599998474121,10281900,36.9623832702637
"2016-06-15",37.1599998474121,37.2200012207031,36.7849998474121,36.8400001525879,7092000,36.6440849304199
"2016-06-16",36.6199989318848,37.0400009155273,36.3499984741211,36.9700012207031,6106000,36.7733955383301
"2016-06-17",37.0299987792969,37.1800003051758,36.6300010681152,36.9700012207031,7947100,36.7733955383301
"2016-06-20",37.2799987792969,37.7599983215332,36.8199996948242,36.8600006103516,7789600,36.6639785766602
"2016-06-21",36.7999992370605,36.7999992370605,35.9500007629395,36.1599998474121,12816100,35.967700958252
"2016-06-22",36.2799987792969,36.4930000305176,35.7799987792969,36,9292400,35.8085517883301
"2016-06-23",36.2700004577637,36.6650009155273,36.0499992370605,36.6599998474121,4808700,36.4650421142578
"2016-06-24",35,35.7249984741211,34.6100006103516,35.0800018310547,17647200,34.8934440612793
"2016-06-27",34.7400016784668,34.7599983215332,34,34.2000007629395,11195800,34.018123626709
"2016-06-28",34.4599990844727,35.25,34.2299995422363,35.2400016784668,12408200,35.0525970458984
"2016-06-29",35.689998626709,35.9049987792969,35.2900009155273,35.7700004577637,9520400,35.579776763916
"2016-06-30",35.810001373291,36.5299987792969,35.5900001525879,36.5099983215332,9153000,36.3158378601074
"2016-07-01",36.5999984741211,36.6699981689453,36.25,36.3499984741211,7260400,36.1566886901855
"2016-07-05",36.2999992370605,36.3600006103516,35.8699989318848,36.1199989318848,5321100,35.9279136657715
"2016-07-06",35.939998626709,36.1699981689453,35.7150001525879,35.9300003051758,7821300,35.7389221191406
"2016-07-07",35.9199981689453,36.3899993896484,35.8400001525879,36.3199996948242,7326700,36.1268501281738
"2016-07-08",36.7799987792969,37.4599990844727,36.6599998474121,37.3600006103516,6828600,37.161319732666
"2016-07-11",37.4500007629395,38.3300018310547,37.4000015258789,38.1500015258789,10096200,37.9471206665039
"2016-07-12",38.4700012207031,38.9099998474121,38.2400016784668,38.7900009155273,9997200,38.5837135314941
"2016-07-13",38.8400001525879,39.9900016784668,38.8300018310547,39.2799987792969,12458500,39.0711097717285
"2016-07-14",39.689998626709,40.0699996948242,39.4000015258789,39.9599990844727,9683500,39.7474937438965
"2016-07-15",40.0200004577637,40.0699996948242,38.9799995422363,39.0900001525879,8140600,38.8821220397949
"2016-07-18",39.1300010681152,39.2200012207031,38.7299995422363,38.9199981689453,7877400,38.7130241394043
"2016-07-19",38.9700012207031,39.4650001525879,38.8300018310547,39.3699989318848,8120100,39.1606292724609
"2016-07-20",39.439998626709,40.4500007629395,39.1199989318848,40.0499992370605,11189100,39.8370132446289
"2016-07-21",40.3300018310547,40.3300018310547,39.6500015258789,40.1300010681152,13363300,39.9165878295898
"2016-07-22",37.2999992370605,37.5900001525879,36.4300003051758,37.4199981689453,36397300,37.2210006713867
"2016-07-25",37.7000007629395,38.1800003051758,37.6199989318848,37.7799987792969,16904100,37.5790863037109
"2016-07-26",37.7799987792969,38.2700004577637,37.5999984741211,37.689998626709,10279200,37.4895629882812
"2016-07-27",37.6399993896484,37.689998626709,37.0449981689453,37.2200012207031,8894200,37.0220642089844
"2016-07-28",37.4000015258789,37.6800003051758,37.101001739502,37.2200012207031,5111300,37.0220642089844
"2016-07-29",37.4099998474121,37.4799995422363,36.8600006103516,37.2400016784668,6841500,37.0419578552246
"2016-08-01",37.4300003051758,37.439998626709,36.9000015258789,37.060001373291,5473900,36.8629150390625
"2016-08-02",37.060001373291,37.0849990844727,36.3600006103516,36.5400009155273,5997700,36.3456840515137
"2016-08-03",36.5900001525879,36.7400016784668,36.2799987792969,36.5800018310547,7663800,36.3854675292969
"2016-08-04",36.8199996948242,37.3899993896484,36.7299995422363,37.2999992370605,7507800,37.1016387939453
"2016-08-05",37.5499992370605,38.1500015258789,37.5499992370605,38.0999984741211,7670400,37.8973808288574
"2016-08-08",38.189998626709,38.2999992370605,37.6500015258789,37.9099998474121,6101300,37.7083930969238
"2016-08-09",38.0299987792969,38.1399993896484,37.8800010681152,38.0999984741211,5049100,37.8973808288574
"2016-08-10",38.0200004577637,38.2449989318848,37.9099998474121,38.0699996948242,5546800,37.867546081543
"2016-08-11",38.189998626709,38.4900016784668,38.0999984741211,38.4599990844727,5999400,38.2554702758789
"2016-08-12",38.2999992370605,38.6300010681152,38.0999984741211,38.5099983215332,6527900,38.3051986694336
"2016-08-15",38.5499992370605,38.6500015258789,38.3400001525879,38.4599990844727,4548200,38.2554702758789
"2016-08-16",38.4000015258789,38.5299987792969,38.1500015258789,38.3800010681152,6170800,38.175895690918
"2016-08-17",38.4099998474121,38.4599990844727,37.8800010681152,38.1399993896484,5264000,37.9371719360352
"2016-08-18",38.0699996948242,38.375,37.9300003051758,38.2200012207031,3880600,38.0167465209961
"2016-08-19",38.0200004577637,38.1800003051758,37.8950004577637,38.0900001525879,5107900,37.8874359130859
"2016-08-22",37.9300003051758,38.2000007629395,37.6599998474121,38.1100006103516,10704300,37.9073295593262
"2016-08-23",38.4199981689453,38.4300003051758,37.7999992370605,37.8600006103516,6066400,37.6586608886719
"2016-08-24",37.810001373291,37.9500007629395,37.4099998474121,37.5200004577637,5914200,37.3204689025879
"2016-08-25",37.5,37.5699996948242,37.25,37.5099983215332,5132100,37.3105201721191
"2016-08-26",37.7200012207031,37.8400001525879,37.3800010681152,37.6500015258789,4177700,37.4497756958008
"2016-08-29",37.6100006103516,37.6500015258789,37.2700004577637,37.2900009155273,4780700,37.0916938781738
"2016-08-30",37.2599983215332,37.5200004577637,36.9850006103516,37,6873600,36.8032341003418
"2016-08-31",37,37.2400016784668,36.8400001525879,37.1500015258789,7166300,36.9524383544922
"2016-09-01",37.2700004577637,37.3199996948242,36.5800018310547,36.8300018310547,10412200,36.6341400146484
"2016-09-02",37.0099983215332,37.125,36.2999992370605,37.0699996948242,6726900,36.872859954834
"2016-09-06",37.0499992370605,37.6500015258789,37.0200004577637,37.1800003051758,6416900,36.9822769165039
"2016-09-07",37.3300018310547,38.5800018310547,37.2599983215332,38.560001373291,10817700,38.3549385070801
"2016-09-08",38.6500015258789,39.3300018310547,38.5009994506836,39.2700004577637,12037300,39.0611610412598
"2016-09-09",38.75,39.0200004577637,37.9099998474121,38.0099983215332,10747100,37.807861328125
"2016-09-12",37.6500015258789,38.8400001525879,37.5400009155273,38.7700004577637,8635000,38.5638198852539
"2016-09-13",38.6199989318848,40.3300018310547,38.4099998474121,39.8600006103516,17924900,39.6480255126953
"2016-09-14",39.9900016784668,40.2799987792969,39.5299987792969,39.9599990844727,13042100,39.7474937438965
"2016-09-15",40.310001373291,41.1399993896484,39.8699989318848,40.8300018310547,12702800,40.6128692626953
"2016-09-16",40.7099990844727,40.8800010681152,40.3250007629395,40.7000007629395,11909400,40.4835548400879
"2016-09-19",40.2400016784668,40.4599990844727,39.75,40.0099983215332,7574500,39.7972259521484
"2016-09-20",40.2999992370605,40.2999992370605,39.6699981689453,39.689998626709,5563300,39.4789276123047
"2016-09-21",39.8600006103516,40.3899993896484,39.7000007629395,40.2900009155273,5378400,40.0757369995117
"2016-09-22",40.4199981689453,40.6599998474121,40.1399993896484,40.4900016784668,5691000,40.2746734619141
"2016-09-23",39.5999984741211,40.4949989318848,39.5999984741211,40.0699996948242,6234600,39.8569068908691
"2016-09-26",39.3800010681152,40.5099983215332,39.3800010681152,40.3400001525879,9054400,40.1254730224609
"2016-09-27",40.0400009155273,41.2299995422363,39.4900016784668,41.060001373291,8674100,40.8416442871094
"2016-09-28",41.1500015258789,41.189998626709,40.2099990844727,40.9700012207031,6751200,40.7521209716797
"2016-09-29",40.9099998474121,41.2999992370605,40.3600006103516,40.3899993896484,7953000,40.1752052307129
"2016-09-30",40.2900009155273,41.0499992370605,40.2700004577637,40.9700012207031,8685600,40.7521209716797
"2016-10-03",40.8699989318848,41.2000007629395,40.1599998474121,40.5900001525879,6925000,40.3741416931152
"2016-10-04",41.2999992370605,41.2999992370605,40.439998626709,40.7799987792969,5046600,40.5631294250488
"2016-10-05",40.9500007629395,40.9500007629395,40.4000015258789,40.439998626709,6128200,40.2249412536621
"2016-10-06",40.3199996948242,40.3899993896484,39.8600006103516,40.1800003051758,6312000,39.9663238525391
"2016-10-07",40.4199981689453,40.4199981689453,39.6199989318848,39.8800010681152,6109900,39.6679191589355
"2016-10-10",40.1300010681152,40.1699981689453,39.5900001525879,39.8600006103516,6636700,39.6480255126953
"2016-10-11",40.0299987792969,40.1100006103516,38.9599990844727,39.189998626709,9955700,38.9815864562988
"2016-10-12",39.7700004577637,39.7999992370605,39.2999992370605,39.5299987792969,7039900,39.3197784423828
"2016-10-13",39.3899993896484,39.4000015258789,38.75,39.2000007629395,7865200,38.9915351867676
"2016-10-14",39.4599990844727,39.8899993896484,39.2299995422363,39.2400016784668,6647600,39.031322479248
"2016-10-17",39.2400016784668,39.6199989318848,39.1599998474121,39.4799995422363,5279500,39.2700462341309
"2016-10-18",40,40.1800003051758,39.7799987792969,39.8300018310547,5475900,39.6181831359863
"2016-10-19",39.9700012207031,40.4700012207031,39.8400001525879,40.2400016784668,6587700,40.026008605957
"2016-10-20",40.2299995422363,40.2900009155273,39.8199996948242,40.0900001525879,13337500,39.8768005371094
"2016-10-21",41.8499984741211,44.2400016784668,41.8400001525879,44.1500015258789,37554700,43.915210723877
"2016-10-24",44,44.5200004577637,43.1399993896484,43.8699989318848,19079000,43.6366996765137
"2016-10-25",43.6599998474121,44.0699996948242,43,43.310001373291,9463900,43.0796775817871
"2016-10-26",43,43.2099990844727,42.310001373291,42.3300018310547,10918800,42.1048927307129
"2016-10-27",42.5499992370605,42.5699996948242,41.6209983825684,41.689998626709,9447300,41.4682922363281
"2016-10-28",41.9799995422363,41.9799995422363,41.0699996948242,41.7599983215332,11979200,41.5379219055176
"2016-10-31",41.7799987792969,42,41.3600006103516,41.6599998474121,7160000,41.4384536743164
"2016-11-01",41.6800003051758,42.2949981689453,41.2900009155273,41.5400009155273,9399000,41.319091796875
"2016-11-02",41.4300003051758,41.5699996948242,41.0800018310547,41.3499984741211,7920600,41.1300964355469
"2016-11-03",41.3199996948242,41.5,40.9199981689453,41.189998626709,6239900,40.9709510803223
"2016-11-04",40.2999992370605,41.4850006103516,40.2999992370605,40.9000015258789,6541300,40.6824951171875
"2016-11-07",41.5200004577637,41.6500015258789,41.060001373291,41.2799987792969,7904900,41.060474395752
"2016-11-08",41.4199981689453,42.1500015258789,41.0900001525879,41.5800018310547,6968100,41.3588790893555
"2016-11-09",40.5999984741211,41.4700012207031,40.5800018310547,41.2599983215332,9744400,41.0405769348145
"2016-11-10",41.9000015258789,41.9000015258789,39.5800018310547,40.4500007629395,12097600,40.2348899841309
"2016-11-11",40.7700004577637,40.7700004577637,39.7999992370605,40.0800018310547,10775700,39.8668556213379
"2016-11-14",40.4000015258789,40.4000015258789,38.4500007629395,38.810001373291,17877800,38.6036109924316
"2016-11-15",39.0400009155273,39.4799995422363,38.9000015258789,38.939998626709,16037800,38.7329177856445
"2016-11-16",39.0499992370605,39.2099990844727,38.7099990844727,39.0699996948242,12730900,38.8622245788574
"2016-11-17",39.1199989318848,40.0550003051758,38.9500007629395,39.8800010681152,9758500,39.6679191589355
"2016-11-18",40.0800018310547,40.5699996948242,39.9099998474121,40.0800018310547,9521500,39.8668556213379
"2016-11-21",40.1199989318848,40.7700004577637,40.1160011291504,40.6300010681152,6667200,40.413932800293
"2016-11-22",40.9900016784668,41.0999984741211,39.9500007629395,40.3300018310547,7734700,40.1155281066895
"2016-11-23",40.310001373291,40.4300003051758,39.8499984741211,40.0499992370605,5770600,39.8370132446289
"2016-11-25",40.4000015258789,40.560001373291,39.9900016784668,40.2599983215332,2324300,40.0458946228027
"2016-11-28",40.2599983215332,40.4900016784668,39.9249992370605,39.9599990844727,4170600,39.7474937438965
"2016-11-29",40.0699996948242,40.3600006103516,39.7900009155273,39.8899993896484,5083700,39.677864074707
"2016-11-30",40.0999984741211,40.1800003051758,39.1800003051758,39.2799987792969,8420700,39.0711097717285
"2016-12-01",39.560001373291,39.6800003051758,38.1800003051758,38.3400001525879,11265600,38.1361083984375
"2016-12-02",38.3400001525879,38.75,38.060001373291,38.6199989318848,6335200,38.4146194458008
"2016-12-05",38.8499984741211,39.3400001525879,38.6500015258789,38.9900016784668,5053900,38.7826499938965
"2016-12-06",39.2299995422363,39.2599983215332,38.7099990844727,38.9799995422363,5954500,38.7727012634277
"2016-12-07",39.0800018310547,39.4599990844727,38.7999992370605,39.4500007629395,7012000,39.2402038574219
"2016-12-08",39.6800003051758,40,39.4500007629395,39.6100006103516,6102600,39.3993530273438
"2016-12-09",39.7000007629395,39.7900009155273,39.375,39.6500015258789,3923700,39.4391403198242
"2016-12-12",39.5999984741211,39.9000015258789,39.3499984741211,39.4300003051758,4474500,39.2203102111816
"2016-12-13",39.5499992370605,39.7449989318848,39.3899993896484,39.4300003051758,6385900,39.2203102111816
"2016-12-14",39.4599990844727,39.8899993896484,39.4599990844727,39.5499992370605,4658700,39.339672088623
"2016-12-15",39.7999992370605,40.2900009155273,39.3499984741211,39.5400009155273,6418900,39.3297271728516
"2016-12-16",39.9000015258789,39.9000015258789,39.1199989318848,39.3199996948242,9786300,39.110897064209
"2016-12-19",39.4000015258789,39.7999992370605,39.1100006103516,39.439998626709,4268600,39.2302551269531
"2016-12-20",39.6100006103516,39.7400016784668,39.2599983215332,39.7400016784668,3637200,39.5286636352539
"2016-12-21",39.8400001525879,40.7400016784668,39.8199996948242,40.0900001525879,6768200,39.8768005371094
"2016-12-22",40.0400009155273,40.0900001525879,39.5400009155273,39.6800003051758,5065000,39.4689826965332
"2016-12-23",39.8199996948242,39.8699989318848,39.4799995422363,39.5800018310547,3378100,39.3695182800293
"2016-12-27",39.5,40.0800018310547,39.4300003051758,39.7200012207031,2660100,39.5087699890137
"2016-12-28",39.7599983215332,40.0299987792969,39.5299987792969,39.5699996948242,3292400,39.3595695495605
"2016-12-29",39.5400009155273,40.1699981689453,39.5400009155273,39.9599990844727,3708000,39.7474937438965
"2016-12-30",39.9599990844727,40.0699996948242,39.3400001525879,39.4700012207031,5012100,39.2601013183594
"2017-01-03",40.2900009155273,40.9799995422363,40,40.25,8247400,40.0359497070312
"2017-01-04",40.3499984741211,41.0299987792969,40.0449981689453,41,6806400,40.7819633483887
"2017-01-05",41.4300003051758,41.7200012207031,41.0400009155273,41.060001373291,6432000,40.8416442871094
"2017-01-06",41.2400016784668,41.6399993896484,40.7900009155273,41.4500007629395,5586400,41.2295684814453
"2017-01-09",41.4900016784668,41.5099983215332,41.1100006103516,41.4000015258789,3943900,41.1798362731934
"2017-01-10",41.4000015258789,41.5499992370605,41.0699996948242,41.0800018310547,4174900,40.8615379333496
"2017-01-11",41.2299995422363,41.3800010681152,40.8349990844727,41.2799987792969,4425300,41.060474395752
"2017-01-12",41.2799987792969,41.6049995422363,40.9199981689453,41.560001373291,3840500,41.3389854431152
"2017-01-13",41.6500015258789,41.8400001525879,41.5299987792969,41.5999984741211,3917700,41.3787689208984
"2017-01-17",41.5999984741211,41.7099990844727,41.2000007629395,41.2700004577637,5932900,41.0505256652832
"2017-01-18",41.4099998474121,41.4900016784668,41.1100006103516,41.3499984741211,4706000,41.1300964355469
"2017-01-19",41.25,41.6800003051758,41.0299987792969,41.2700004577637,4717600,41.0505256652832
"2017-01-20",41.3899993896484,41.7200012207031,41.2999992370605,41.689998626709,6868500,41.4682922363281
"2017-01-23",41.8600006103516,42.1100006103516,41.25,41.6199989318848,8497100,41.3986625671387
"2017-01-24",41.9500007629395,42.0400009155273,41.5299987792969,41.9599990844727,6106500,41.7368583679199
"2017-01-25",42.3600006103516,42.439998626709,41.6599998474121,41.7099990844727,8604000,41.4881858825684
"2017-01-26",42.3600006103516,42.5,41.2849998474121,41.5,11838100,41.2793045043945
"2017-01-27",41,41.2000007629395,39.9199981689453,40.2700004577637,22749200,40.0558433532715
"2017-01-30",40.1699981689453,40.2700004577637,39.4199981689453,39.8600006103516,11486000,39.6480255126953
"2017-01-31",39.7000007629395,40.0099983215332,39.4500007629395,39.7799987792969,9100100,39.5684509277344
"2017-02-01",39.9599990844727,40,39.1100006103516,39.310001373291,8860400,39.1009521484375
"2017-02-02",39.4000015258789,39.8400001525879,39.0200004577637,39.5800018310547,8736800,39.3695182800293
"2017-02-03",39.7900009155273,39.9300003051758,39.5499992370605,39.5900001525879,7131100,39.3794631958008
"2017-02-06",39.6399993896484,39.8300018310547,39.3400001525879,39.7400016784668,8206400,39.5286636352539
"2017-02-07",40.0099983215332,40.3400001525879,39.7000007629395,40.0200004577637,7956300,39.8071746826172
"2017-02-08",40.1800003051758,40.9900016784668,39.9199981689453,40.8800010681152,7399000,40.6626014709473
"2017-02-09",40.439998626709,40.9949989318848,40.2999992370605,40.8300018310547,6467600,40.6128692626953
"2017-02-10",40.8199996948242,40.8600006103516,40.560001373291,40.5800018310547,6248200,40.3641967773438
"2017-02-13",40.8300018310547,41.2999992370605,40.7400016784668,41.1699981689453,6260900,40.9510536193848
"2017-02-14",41.1800003051758,41.6300010681152,40.939998626709,41.6199989318848,6496400,41.3986625671387
"2017-02-15",41.689998626709,41.9300003051758,41.2700004577637,41.8699989318848,7124600,41.6473350524902
"2017-02-16",41.8699989318848,42.310001373291,41.7000007629395,42.1500015258789,5730800,41.9258499145508
"2017-02-17",41.9199981689453,42.2999992370605,41.7999992370605,41.9599990844727,5106000,41.7368583679199
"2017-02-21",41.9300003051758,42.560001373291,41.9000015258789,42.4300003051758,5874700,42.2043571472168
"2017-02-22",42.2999992370605,42.5299987792969,42.1199989318848,42.4199981689453,4316200,42.194408416748
"2017-02-23",42.3699989318848,42.6699981689453,42.1599998474121,42.5299987792969,5456300,42.303825378418
"2017-02-24",42.1100006103516,43.0699996948242,41.8300018310547,43.0699996948242,6769500,42.840950012207
"2017-02-27",42.8899993896484,42.8899993896484,42.3499984741211,42.6399993896484,5026700,42.4132385253906
"2017-02-28",42.4900016784668,42.4900016784668,41.9900016784668,42,6956800,41.7766418457031
"2017-03-01",42.310001373291,42.5200004577637,41.9900016784668,42.4300003051758,6003800,42.2043571472168
"2017-03-02",42.4000015258789,42.8600006103516,42.2000007629395,42.7700004577637,4572300,42.5425491333008
"2017-03-03",42.7000007629395,43.0400009155273,42.5800018310547,43.0299987792969,4214400,42.8011665344238
"2017-03-06",42.9799995422363,43.0299987792969,42.6300010681152,42.8699989318848,6032800,42.6420135498047
"2017-03-07",42.7999992370605,43.2000007629395,42.7099990844727,42.8899993896484,4404700,42.6619110107422
"2017-03-08",42.8400001525879,43.1800003051758,42.7200012207031,42.7900009155273,4573900,42.562442779541
"2017-03-09",42.6599998474121,43,42.4500007629395,42.9199981689453,3487900,42.6917495727539
"2017-03-10",43.189998626709,43.2799987792969,42.7599983215332,42.9900016784668,4636200,42.7613830566406
"2017-03-13",42.8699989318848,42.9650001525879,42.4500007629395,42.5900001525879,5526900,42.3635063171387
"2017-03-14",42.5099983215332,42.6399993896484,41.7400016784668,42.0999984741211,5888000,41.8761100769043
"2017-03-15",42.2900009155273,42.5699996948242,41.8899993896484,42.3899993896484,4291800,42.1645698547363
"2017-03-16",42.5,42.5800018310547,42.1399993896484,42.4000015258789,3998600,42.1745185852051
"2017-03-17",42.5699996948242,43.2999992370605,42.3699989318848,43.0800018310547,12307900,42.850902557373
"2017-03-20",43.0999984741211,43.3199996948242,42.810001373291,43.1599998474121,6686900,42.9304733276367
"2017-03-21",43.3300018310547,43.4000015258789,42.4599990844727,42.6399993896484,7758400,42.4132385253906
"2017-03-22",42.5950012207031,43.2400016784668,42.4500007629395,43.189998626709,6513300,42.9603157043457
"2017-03-23",43.1300010681152,43.6100006103516,43,43.1399993896484,7176400,42.9105796813965
"2017-03-24",43.4799995422363,43.4949989318848,42.935001373291,43.1300010681152,5739500,42.900634765625
"2017-03-27",42.689998626709,43.2000007629395,42.5800018310547,43.0800018310547,3850300,42.850902557373
"2017-03-28",42.8699989318848,43.25,42.8400001525879,43.1500015258789,4396500,42.9205284118652
"2017-03-29",43.1500015258789,43.2999992370605,42.9599990844727,43.2400016784668,3951100,43.0100517272949
"2017-03-30",43.1500015258789,43.7999992370605,43,43.5400009155273,5691700,43.3084526062012
"2017-03-31",43.439998626709,43.4799995422363,43.0099983215332,43.0200004577637,5177500,42.7912216186523
"2017-04-03",43.2000007629395,43.2999992370605,42.5099983215332,42.6300010681152,7773000,42.4032974243164
"2017-04-04",42.7400016784668,42.7400016784668,42.2599983215332,42.7200012207031,4681800,42.4928169250488
"2017-04-05",42.8300018310547,43.3429985046387,42.7400016784668,42.8899993896484,5292300,42.6619110107422
"2017-04-06",42.9000015258789,43,42.7200012207031,42.9000015258789,5395400,42.6718597412109
"2017-04-07",42.8899993896484,43.1749992370605,42.7099990844727,43.0400009155273,4861200,42.8111152648926
"2017-04-10",43.0699996948242,43.5499992370605,43.0099983215332,43.0499992370605,4579500,42.8210601806641
"2017-04-11",42.9900016784668,43.0900001525879,42.6100006103516,42.689998626709,4856300,42.4629707336426
"2017-04-12",42.0999984741211,42.810001373291,42.060001373291,42.4900016784668,5800100,42.2640380859375
"2017-04-13",42.5,42.8899993896484,42.3199996948242,42.5499992370605,3631400,42.3237190246582
"2017-04-17",42.5999984741211,43.1399993896484,42.5999984741211,43.0999984741211,3151600,42.870792388916
"2017-04-18",43.2000007629395,43.2000007629395,42.8600006103516,43.0900001525879,3711600,42.8608474731445
"2017-04-19",43.0299987792969,43.4700012207031,42.9000015258789,43.2999992370605,4913900,43.0697288513184
"2017-04-20",43.3199996948242,43.7999992370605,43.2599983215332,43.689998626709,4811200,43.4576568603516
"2017-04-21",43.8600006103516,44,43.5999984741211,43.810001373291,5595700,43.577018737793
"2017-04-24",44.0900001525879,44.2799987792969,43.9500007629395,44.2700004577637,4643800,44.0345726013184
"2017-04-25",44.4900016784668,45.0099983215332,44.3499984741211,44.7099990844727,7827900,44.4722328186035
"2017-04-26",45.0400009155273,45.0400009155273,44.25,44.4099998474121,9846900,44.173828125
"2017-04-27",47.25,48.0999984741211,46.75,47.1500015258789,34420200,46.8992576599121
"2017-04-28",47.0299987792969,47.7550010681152,46.8699989318848,47.7200012207031,11642800,47.4662246704102
"2017-05-01",47.3899993896484,47.7130012512207,47.3199996948242,47.5400009155273,14537500,47.2871856689453
"2017-05-02",47.4099998474121,49.0699996948242,47.4000015258789,49.0499992370605,16820800,48.7891502380371
"2017-05-03",49.1599998474121,49.2900009155273,48.625,49.0200004577637,11613100,48.7593116760254
"2017-05-04",48.9300003051758,49.3800010681152,48.8199996948242,48.9099998474121,7148800,48.6498985290527
"2017-05-05",48.6199989318848,49.439998626709,48.4000015258789,49.2999992370605,4876200,49.0378227233887
"2017-05-08",49.4300003051758,49.4500007629395,48.810001373291,49.1699981689453,6641000,48.9085121154785
"2017-05-09",49.060001373291,49.3699989318848,48.9000015258789,49.2200012207031,4774000,48.9582481384277
"2017-05-10",49.1800003051758,49.7999992370605,49.0149993896484,49.7900009155273,6507700,49.5252151489258
"2017-05-11",49.6300010681152,49.7099990844727,49.1100006103516,49.7000007629395,5547700,49.4356956481934
"2017-05-12",49.5800018310547,49.75,49.2400016784668,49.3699989318848,4933700,49.1074485778809
"2017-05-15",49.310001373291,50,49.25,49.7700004577637,4705900,49.5053253173828
"2017-05-16",49.6300010681152,50.3499984741211,49.5699996948242,50.3400001525879,5347200,50.0722923278809
"2017-05-17",49.8699989318848,50.0999984741211,49.0250015258789,49.0499992370605,6598400,48.7891502380371
"2017-05-18",49.0299987792969,49.5800018310547,48.8899993896484,49.1100006103516,9932100,48.8488349914551
"2017-05-19",49.1500015258789,49.7099990844727,49.060001373291,49.3899993896484,7813800,49.1273422241211
"2017-05-22",49.4500007629395,49.8800010681152,49.3499984741211,49.7700004577637,13144900,49.5053253173828
"2017-05-23",49.9000015258789,50.1800003051758,49.7700004577637,50.1300010681152,7134200,49.863410949707
"2017-05-24",50.2299995422363,51.0800018310547,50.1399993896484,51.0499992370605,6274800,50.7785148620605
"2017-05-25",50.7700004577637,51.1300010681152,50.6399993896484,50.9300003051758,4950500,50.6591529846191
"2017-05-26",51.0400009155273,51.3899993896484,50.8899993896484,51.189998626709,4780800,50.9177703857422
"2017-05-30",50.9599990844727,51.2799987792969,50.8600006103516,51.060001373291,5550300,50.7884674072266
"2017-05-31",51.1300010681152,52.2400016784668,50.8800010681152,52.2099990844727,11107200,51.9323463439941
"2017-06-01",52.4799995422363,53.3899993896484,52.4749984741211,53.1599998474121,13898300,52.8772964477539
"2017-06-02",53.439998626709,53.6399993896484,53.0800018310547,53.5200004577637,9121800,53.2353782653809
"2017-06-05",53.7700004577637,54.0699996948242,53.5900001525879,53.7999992370605,9656400,53.5138893127441
"2017-06-06",53.75,53.7999992370605,53.1599998474121,53.4000015258789,6308000,53.1160202026367
"2017-06-07",53.2999992370605,53.939998626709,53.2599983215332,53.8499984741211,6368700,53.5636253356934
"2017-06-08",54.0299987792969,54.4300003051758,53.4500007629395,54.3899993896484,6369900,54.1007537841797
"2017-06-09",54.6500015258789,55.1399993896484,52.8499984741211,53.4000015258789,11174100,53.1160202026367
"2017-06-12",52.810001373291,52.9000015258789,51.4300003051758,52.1599998474121,15765600,51.8826141357422
"2017-06-13",52.2900009155273,52.4850006103516,51.7000007629395,52.060001373291,10411800,51.783145904541
"2017-06-14",52,52.5050010681152,51.5349998474121,51.9000015258789,7132500,51.6239967346191
"2017-06-15",51.439998626709,52.3800010681152,50.8300018310547,52.2900009155273,12401600,52.0119247436523
"2017-06-16",52.0400009155273,52.1599998474121,51.5800018310547,51.8400001525879,10931000,51.5643157958984
"2017-06-19",52.2799987792969,53,52.1100006103516,52.9300003051758,5643900,52.6485176086426
"2017-06-20",52.8400001525879,53.2299995422363,52.4300003051758,52.5200004577637,4578700,52.2406997680664
"2017-06-21",52.9900016784668,53.5800018310547,52.6100006103516,53.5400009155273,8016500,53.2552757263184
"2017-06-22",53.7099990844727,53.951000213623,52.8600006103516,53.8699989318848,9673000,53.5835189819336
"2017-06-23",53.8199996948242,54.5299987792969,53.689998626709,54.3300018310547,6257300,54.0410766601562
"2017-06-26",54.439998626709,55.0999984741211,53.6500015258789,53.7400016784668,4890300,53.4542121887207
"2017-06-27",53.5999984741211,53.7900009155273,52.6399993896484,52.7299995422363,7706800,52.4495811462402
"2017-06-28",52.75,54.439998626709,52.6500015258789,54.3899993896484,7934300,54.1007537841797
"2017-06-29",53.810001373291,54.0999984741211,52.5200004577637,53.4199981689453,11616200,53.1359100341797
"2017-06-30",53.5999984741211,54.25,53.2900009155273,53.6699981689453,8235000,53.3845825195312
"2017-07-03",54.1399993896484,54.3300018310547,52.8300018310547,52.8699989318848,4831300,52.5888366699219
"2017-07-05",53,54.75,52.939998626709,54.6100006103516,9800600,54.3195838928223
"2017-07-06",54.2200012207031,54.351001739502,53.1500015258789,53.4700012207031,7447900,53.1856498718262
"2017-07-07",53.7000007629395,54.4799995422363,53.5200004577637,53.9700012207031,4948100,53.6829872131348
"2017-07-10",54.9099998474121,55.4199981689453,54.7000007629395,54.939998626709,10469600,54.6478271484375
"2017-07-11",54.9199981689453,55.2000007629395,54.3300018310547,54.7599983215332,9011500,54.4687881469727
"2017-07-12",56.5999984741211,57.4449996948242,55.5499992370605,56.5499992370605,17490800,56.2492637634277
"2017-07-13",57.2999992370605,57.9099998474121,56.7999992370605,57.9000015258789,14795500,57.5920906066895
"2017-07-14",58.1399993896484,58.6300010681152,56.9150009155273,57.1599998474121,11777100,56.8560256958008
"2017-07-17",57.5299987792969,57.5999984741211,57.0200004577637,57.5800018310547,5803300,57.2737922668457
"2017-07-18",57.5,58.9599990844727,57.310001373291,58.9599990844727,9477500,58.6464500427246
"2017-07-19",58.310001373291,58.6199989318848,57.5499992370605,58.3499984741211,9706700,58.0396919250488
"2017-07-20",58.75,59.3800010681152,58.4300003051758,59.0900001525879,8057400,58.7757606506348
"2017-07-21",59,59.3300018310547,58.5900001525879,58.6699981689453,7545000,58.3579940795898
"2017-07-24",58.9000015258789,59.0699996948242,58.3400001525879,58.5800018310547,6429300,58.2684745788574
"2017-07-25",58.7299995422363,58.8300018310547,58.189998626709,58.2599983215332,8514000,57.9501686096191
"2017-07-26",58.4799995422363,58.939998626709,57.9000015258789,58.7900009155273,13615600,58.4773559570312
"2017-07-27",61,61.2999992370605,57.6920013427734,60.1500015258789,22713400,59.8301239013672
"2017-07-28",59.7999992370605,60.7099990844727,59.0400009155273,59.2000007629395,10800800,58.8851737976074
"2017-07-31",59.3699989318848,59.6399993896484,58.5200004577637,58.5499992370605,7400700,58.2386283874512
"2017-08-01",59,59.3899993896484,58.7900009155273,59.3400001525879,9079100,59.0244293212891
"2017-08-02",59.6699981689453,59.7099990844727,58.439998626709,59.1199989318848,6517300,58.8055953979492
"2017-08-03",59.1599998474121,59.2799987792969,58.3600006103516,58.4199981689453,6260000,58.1093215942383
"2017-08-04",58.6199989318848,58.9300003051758,58.3199996948242,58.8600006103516,6174100,58.5469856262207
"2017-08-07",59.1800003051758,59.6399993896484,58.8400001525879,59.6199989318848,5887600,59.3029403686523
"2017-08-08",59.6100006103516,59.8800010681152,59.25,59.4799995422363,6001900,59.1636848449707
"2017-08-09",58.9700012207031,59.7299995422363,58.5900001525879,59.6699981689453,6023900,59.3526725769043
"2017-08-10",59.2400016784668,59.3699989318848,57.810001373291,58.0200004577637,9571200,57.7114524841309
"2017-08-11",57.8499984741211,58.25,57.5800018310547,58.0400009155273,6961800,57.7313423156738
"2017-08-14",58.6100006103516,59.2760009765625,58.2709999084473,59.060001373291,7561800,58.745922088623
"2017-08-15",59.2999992370605,59.9799995422363,59.2299995422363,59.689998626709,6483500,59.3725662231445
"2017-08-16",59.9500007629395,60.7000007629395,59.5999984741211,60.2900009155273,5747000,59.9693794250488
"2017-08-17",60.1500015258789,60.2799987792969,59.2900009155273,59.2900009155273,6744200,58.9746971130371
"2017-08-18",59.3600006103516,59.8199996948242,58.939998626709,59.439998626709,4653300,59.1238975524902
"2017-08-21",59.3300018310547,59.6500015258789,58.7550010681152,59.4000015258789,4243200,59.0841102600098
"2017-08-22",59.7200012207031,61,59.439998626709,60.8400001525879,5835700,60.5164566040039
"2017-08-23",60.2999992370605,60.5099983215332,59.8199996948242,60.0499992370605,4532000,59.7306518554688
"2017-08-24",60.2200012207031,60.4300003051758,59.1100006103516,60,4045300,59.6809196472168
"2017-08-25",60.3300018310547,60.5800018310547,59.6100006103516,59.9700012207031,4087400,59.6510810852051
"2017-08-28",60.310001373291,60.5299987792969,59.810001373291,60.5299987792969,4660600,60.2080993652344
"2017-08-29",59.8199996948242,61.1599998474121,59.6300010681152,61.0099983215332,4359300,60.685546875
"2017-08-30",61.0499992370605,61.8600006103516,60.8899993896484,61.7700004577637,5696000,61.4415054321289
"2017-08-31",62,62.0289993286133,61.1699981689453,61.6800003051758,6145800,61.3519859313965
"2017-09-01",61.9799995422363,62.2299995422363,61.382999420166,61.4599990844727,3440400,61.1331558227539
"2017-09-05",61.2599983215332,61.75,60.5800018310547,61.2700004577637,5501200,60.9441680908203
"2017-09-06",61.7400016784668,61.9900016784668,60.9000015258789,61.2400016784668,5350900,60.9143295288086
"2017-09-07",61.3300018310547,62.1300010681152,61.2799987792969,62,5022700,61.6702842712402
"2017-09-08",61.939998626709,62,61.0999984741211,61.1300010681152,4942600,60.8049125671387
"2017-09-11",61.7299995422363,63.2599983215332,61.6199989318848,62.6399993896484,8266300,62.3068771362305
"2017-09-12",62.9500007629395,63.1199989318848,62.1500015258789,62.560001373291,6276600,62.2273101806641
"2017-09-13",62.4700012207031,62.75,61.5800018310547,62.0400009155273,6380900,61.7100715637207
"2017-09-14",62.0400009155273,62.3699989318848,61.7099990844727,62.2400016784668,5697800,61.909008026123
"2017-09-15",62.2700004577637,62.7999992370605,61.9599990844727,62.5,9940900,62.1676254272461
"2017-09-18",62.6199989318848,63.5299987792969,62.5200004577637,62.9199981689453,7688000,62.5853881835938
"2017-09-19",63.0099983215332,63.9249992370605,62.9599990844727,63.8300018310547,7774000,63.4905548095703
"2017-09-20",63.9900016784668,64.870002746582,63.8300018310547,64.7399978637695,11903600,64.3957138061523
"2017-09-21",64.6699981689453,64.9499969482422,63.9049987792969,64.629997253418,6727300,64.2862930297852
"2017-09-22",64.3300018310547,65.2399978637695,64.1100006103516,65.0800018310547,6743800,64.7339096069336
"2017-09-25",65,65,62.3650016784668,63.5,13156900,63.1623077392578
"2017-09-26",63.7099990844727,63.7620010375977,62.8400001525879,62.939998626709,8551900,62.6052856445312
"2017-09-27",63.4099998474121,63.75,63.1599998474121,63.3300018310547,7380700,62.9932136535645
"2017-09-28",63.6199989318848,64.0550003051758,63.1100006103516,63.9300003051758,4148000,63.5900192260742
"2017-09-29",63.8600006103516,64.1699981689453,63.5,64.0299987792969,6891300,63.6894874572754
"2017-10-02",64.5,65.120002746582,64.0999984741211,64.1800003051758,5163300,63.8386917114258
"2017-10-03",64.5100021362305,64.5100021362305,63.7610015869141,64.2200012207031,5633100,63.8784790039062
"2017-10-04",64.3000030517578,64.3000030517578,63.689998626709,64.0100021362305,4438800,63.6695976257324
"2017-10-05",64.379997253418,66,64.2200012207031,65.8199996948242,7445700,65.4699630737305
"2017-10-06",66,66.4100036621094,65.7900009155273,66.0500030517578,6122000,65.6987533569336
"2017-10-09",66.1999969482422,66.5500030517578,65.9000015258789,66.2300033569336,5517900,65.8777923583984
"2017-10-10",66.5999984741211,66.6699981689453,65.7900009155273,66.0400009155273,5831800,65.6888046264648
"2017-10-11",67.25,68.4199981689453,66.9800033569336,67.7799987792969,12005600,67.419548034668
"2017-10-12",68.0199966430664,68.9800033569336,67.8050003051758,68.8600006103516,8888300,68.4937973022461
"2017-10-13",69.4899978637695,69.6100006103516,68,68.6600036621094,8640700,68.2948684692383
"2017-10-16",69.0400009155273,69.1999969482422,67.2799987792969,67.3099975585938,9581800,66.9520416259766
"2017-10-17",67.6500015258789,67.6699981689453,66.3499984741211,66.6699981689453,10844000,66.3154449462891
"2017-10-18",67.4000015258789,67.5,67,67.2600021362305,7994300,66.9023132324219
"2017-10-19",67.3000030517578,67.4499969482422,66.1600036621094,67.25,14546400,66.8923645019531
"2017-10-20",71.3300018310547,71.7300033569336,69.6900024414062,70.9700012207031,34282800,70.5925827026367
"2017-10-23",71.0199966430664,71.3300018310547,69.5500030517578,69.8000030517578,12232500,69.4288024902344
"2017-10-24",69.7300033569336,70.5650024414062,69.6699981689453,70.2099990844727,12280400,69.8366241455078
"2017-10-25",69.9400024414062,71.4199981689453,69.8499984741211,71.0199966430664,12755800,70.6423110961914
"2017-10-26",71.4599990844727,72.0699996948242,71.0400009155273,71.3399963378906,8015100,70.9606170654297
"2017-10-27",71.7200012207031,71.7900009155273,70.5800018310547,71.0599975585938,9256600,70.6820983886719
"2017-10-30",71.4499969482422,71.5400009155273,70.5299987792969,71.1500015258789,7216000,70.7716293334961
"2017-10-31",71.3399963378906,72.7399978637695,71.1100006103516,72.5599975585938,7555300,72.1741256713867
"2017-11-01",72.7799987792969,72.9899978637695,71.6900024414062,72.379997253418,6655600,71.9950790405273
"2017-11-02",72.4599990844727,72.7760009765625,72.0100021362305,72.25,4535600,71.8657684326172
"2017-11-03",72.370002746582,73.4100036621094,71.9400024414062,73.3899993896484,6726400,72.9997100830078
"2017-11-06",73.7200012207031,74.7600021362305,73.4199981689453,74.7399978637695,10156300,74.342529296875
"2017-11-07",75.1699981689453,75.4499969482422,74.1900024414062,74.4100036621094,7026600,74.0142974853516
"2017-11-08",74,75,73.3099975585938,74.7699966430664,7593100,74.3723754882812
"2017-11-09",74.0199966430664,74.1999969482422,72.4100036621094,74.0999984741211,8875500,73.7059326171875
"2017-11-10",73.7699966430664,74.1399993896484,73.5599975585938,73.9899978637695,5714600,73.5965118408203
"2017-11-13",73.6100006103516,74.2900009155273,73.3399963378906,74.0299987792969,5843600,73.6363067626953
"2017-11-14",74.0999984741211,74.8199996948242,73.620002746582,74.4899978637695,6281500,74.0938568115234
"2017-11-15",74.3000030517578,74.4000015258789,73.1849975585938,73.4300003051758,6232500,73.0395050048828
"2017-11-16",75.5,77.9400024414062,75.2799987792969,77.6999969482422,12856500,77.2867889404297
"2017-11-17",78.0100021362305,78.0100021362305,75.8000030517578,76.379997253418,11886700,75.9738082885742
"2017-11-20",76.5999984741211,77.3199996948242,75.879997253418,76.0100021362305,6841800,75.6057815551758
"2017-11-21",77.0899963378906,78.4300003051758,76.8499984741211,77.7699966430664,10603100,77.3564147949219
"2017-11-22",77.9000015258789,77.9899978637695,76.620002746582,77.5699996948242,8073500,77.1574783325195
"2017-11-24",77.8099975585938,78.9000015258789,77.6999969482422,78.5699996948242,4306600,78.1521682739258
"2017-11-27",78.629997253418,79.3850021362305,77.7099990844727,77.8399963378906,6780900,77.4260482788086
"2017-11-28",77.9499969482422,78.2300033569336,77.2440032958984,77.7900009155273,8741500,77.3763122558594
"2017-11-29",77.9499969482422,77.9800033569336,71.6699981689453,73.25,25202100,72.8604583740234
"2017-11-30",73.7699966430664,75.870002746582,73.5400009155273,75.7300033569336,15962000,75.3272705078125
"2017-12-01",75.2200012207031,76.4400024414062,74.2600021362305,75.3000030517578,13387800,74.8995513916016
"2017-12-04",75.5899963378906,75.7440032958984,68.6100006103516,70.9700012207031,26283600,70.5925827026367
"2017-12-05",69.8099975585938,72.75,69.6100006103516,71.1999969482422,16634000,70.8213577270508
"2017-12-06",70.8899993896484,73.1999969482422,70.8300018310547,73.1399993896484,9331400,72.7510375976562
"2017-12-07",73.25,74.0690002441406,73.25,73.6900024414062,7937700,73.2981185913086
"2017-12-08",74.7099990844727,74.7099990844727,72.5999984741211,72.9100036621094,8350400,72.5222702026367
"2017-12-11",72.9599990844727,73.6800003051758,72.5599975585938,73.2900009155273,6421900,72.9002456665039
"2017-12-12",73.4499969482422,74.3099975585938,73,73.620002746582,6573500,73.2284927368164
"2017-12-13",74.0800018310547,75.4199981689453,73.7699966430664,74.0899963378906,7196400,73.6959838867188
"2017-12-14",74.5,75.5299987792969,74.1999969482422,74.2600021362305,7519600,73.8650894165039
"2017-12-15",74.8199996948242,75.870002746582,73.5100021362305,75.6500015258789,12543900,75.2476959228516
"2017-12-18",76.3000030517578,76.3499984741211,75.1999969482422,75.3199996948242,8361100,74.9194412231445
"2017-12-19",75.3899993896484,75.3899993896484,73.9100036621094,74.5,7753100,74.1038055419922
"2017-12-20",74.6399993896484,74.9000015258789,73.7600021362305,74,6121300,73.6064682006836
"2017-12-21",74.1900024414062,74.4700012207031,73.8000030517578,74.0199966430664,4763900,73.6263580322266
"2017-12-22",73.8000030517578,74.0400009155273,72.9000015258789,73.8899993896484,3895000,73.4970550537109
"2017-12-26",73.2900009155273,74.3399963378906,72.629997253418,74.2699966430664,4919100,73.8750305175781
"2017-12-27",74.25,74.9300003051758,74,74.5899963378906,4461500,74.1933288574219
"2017-12-28",74.9599990844727,75,73.8600006103516,74.1699981689453,3810200,73.7755584716797
"2017-12-29",73.9199981689453,74.5299987792969,73.5800018310547,73.620002746582,4496600,73.2284927368164
"2018-01-02",74.2350006103516,74.5,73.4300003051758,73.8399963378906,7296500,73.4473190307617
"2018-01-03",74.3000030517578,76.8499984741211,74.0500030517578,76.75,9945400,76.3418426513672
"2018-01-04",77.3300018310547,77.9290008544922,76.2600021362305,76.7300033569336,8650000,76.3219528198242
"2018-01-05",77.1100006103516,78.9300003051758,77.0100021362305,78.6999969482422,11822100,78.2814712524414
"2018-01-08",78.6999969482422,79.1800003051758,77.7730026245117,79.0500030517578,7963600,78.6296157836914
"2018-01-09",80.0999984741211,80.3899993896484,78.5199966430664,79.1900024414062,9620400,78.7688674926758
"2018-01-10",78.5,79.4850006103516,77.6999969482422,79.370002746582,6248600,78.9479141235352
"2018-01-11",79.4499969482422,79.870002746582,78.9100036621094,79.75,6267500,79.3258895874023
"2018-01-12",80,80.7699966430664,79.6600036621094,80.5400009155273,6891100,80.111686706543
"2018-01-16",80.9499969482422,81.8000030517578,79.9400024414062,80.4199981689453,9596600,79.9923248291016
"2018-01-17",80.4000015258789,82.6100006103516,79.9599990844727,82.4700012207031,7146900,82.0314254760742
"2018-01-18",82.4300003051758,83.4400024414062,81.6100006103516,82.9400024414062,7395100,82.4989318847656
"2018-01-19",83.2300033569336,84.1900024414062,83.1279983520508,83.8399963378906,8783500,83.3941345214844
"2018-01-22",84,84.2099990844727,83.2200012207031,83.9800033569336,7560500,83.5333938598633
"2018-01-23",84.120002746582,84.5500030517578,83.4499969482422,84.2099990844727,9736400,83.7621688842773
"2018-01-24",84.5199966430664,85.2900009155273,82.7099990844727,83.7099990844727,8735700,83.2648315429688
"2018-01-25",84,85.2699966430664,83.7099990844727,84.3399963378906,7268300,83.8914794921875
"2018-01-26",84.4599990844727,85.4899978637695,84.0400009155273,85.4499969482422,7840300,84.9955749511719
"2018-01-29",85.1999969482422,85.3499984741211,83.620002746582,84.3099975585938,8198900,83.8616409301758
"2018-01-30",83,84.1699981689453,82,83.7799987792969,7864500,83.3344573974609
"2018-01-31",84.1800003051758,86.3199996948242,84.1600036621094,85.3199996948242,15221400,84.8662643432617
"2018-02-01",79.9499969482422,80.9499969482422,76.6999969482422,78.4000015258789,44271600,77.9830703735352
"2018-02-02",78.0999984741211,79.620002746582,76.2799987792969,76.5699996948242,21979800,76.1628036499023
"2018-02-05",75.9499969482422,78.9800033569336,74.6800003051758,74.7050018310547,18810600,74.3077163696289
"2018-02-06",72.629997253418,76.5149993896484,72.25,75.6800003051758,19739600,75.2775344848633
"2018-02-07",75.3499984741211,77.5800018310547,74.9400024414062,75.5899963378906,11988000,75.1880111694336
"2018-02-08",75.629997253418,75.9100036621094,72.2699966430664,72.3199996948242,13665400,71.9354019165039
"2018-02-09",73.1399993896484,75.2699966430664,71.629997253418,74.75,14339400,74.3524780273438
"2018-02-12",75.4899978637695,76.2799987792969,74.8519973754883,75.2799987792969,10419600,74.8796615600586
"2018-02-13",74.8099975585938,75.5999984741211,74.5500030517578,74.9700012207031,7743600,74.5713119506836
"2018-02-14",74.1800003051758,77.3600006103516,74.129997253418,77.2699966430664,8955800,76.8590774536133
"2018-02-15",78.0100021362305,78.3000030517578,76.5800018310547,78.2949981689453,9311000,77.8786239624023
"2018-02-16",78.1999969482422,78.75,77.5299987792969,78.370002746582,9740300,77.9532318115234
"2018-02-20",77.6999969482422,78.5400009155273,76.6600036621094,77.0599975585938,6875400,76.6501922607422
"2018-02-21",77.1999969482422,78.4960021972656,76.4649963378906,76.5100021362305,8260400,76.1031265258789
"2018-02-22",76.8000030517578,78.370002746582,76.7699966430664,77.6999969482422,6632300,77.2867889404297
"2018-02-23",78.2600021362305,79.6999969482422,77.390998840332,79.6900024414062,7520700,79.2662048339844
"2018-02-26",80,80.0500030517578,78.9800033569336,79.3499984741211,7130700,78.9280166625977
"2018-02-27",79.1100006103516,79.9290008544922,78.6100006103516,79.4599990844727,8862000,79.0374298095703
"2018-02-28",79.9000015258789,82.1699981689453,79.3899993896484,79.4100036621094,10799500,78.9877014160156
"2018-03-01",79.5999984741211,80.4400024414062,77.879997253418,78.6399993896484,8443300,78.221794128418
"2018-03-02",77.5199966430664,79.1100006103516,76.9300003051758,78.870002746582,9426200,78.450569152832
"2018-03-05",78.0699996948242,79.4199981689453,77.0899963378906,79.0699996948242,6653000,78.6495056152344
"2018-03-06",79.3300018310547,79.9499969482422,78.8499984741211,79.2300033569336,7477800,78.8086547851562
"2018-03-07",78.6500015258789,79.5550003051758,78.0100021362305,79.5199966430664,5546700,79.0971145629883
"2018-03-08",79.8499984741211,80.4899978637695,79.5299987792969,79.870002746582,6878600,79.4452514648438
"2018-03-09",80.2600021362305,80.8499984741211,80.1100006103516,80.7099990844727,7667600,80.2807846069336
"2018-03-12",80.75,81.1699981689453,80.3499984741211,80.5999984741211,6607600,80.1713638305664
"2018-03-13",80.6900024414062,80.9899978637695,79.2699966430664,80.1999969482422,6414700,79.7734909057617
"2018-03-14",80.7399978637695,83.5,80.6399993896484,83.3099975585938,14281100,82.8669586181641
"2018-03-15",83.75,83.9899978637695,81.5699996948242,82.5699996948242,9082000,82.1308975219727
"2018-03-16",82.8000030517578,83.2300033569336,81.2699966430664,82.1600036621094,8356200,81.7230758666992
"2018-03-19",80.8899993896484,81.4400024414062,79.1100006103516,80.3000030517578,9028900,79.8729705810547
"2018-03-20",80.1800003051758,81.1900024414062,80.0540008544922,80.8600006103516,7388100,80.4299926757812
"2018-03-21",80.9400024414062,82.3499984741211,80.5100021362305,81.0400009155273,6757200,80.6090316772461
"2018-03-22",79.8099975585938,80.120002746582,78.4599990844727,78.5599975585938,9608400,78.142219543457
"2018-03-23",78.5,78.9700012207031,76.3499984741211,76.4400024414062,9569100,76.0334930419922
"2018-03-26",77.9800033569336,79.1699981689453,77.0299987792969,78.9499969482422,8682600,78.530143737793
"2018-03-27",79.5899963378906,79.9000015258789,75.6500015258789,76.3099975585938,7980300,75.904182434082
"2018-03-28",75.6999969482422,76.75,74.7399978637695,75.0599975585938,14370300,74.6608276367188
"2018-03-29",75.3099975585938,77.1999969482422,74.5500030517578,75.870002746582,11064300,75.4665222167969
"2018-04-02",75.2300033569336,76.3000030517578,74.0100021362305,75,11417700,74.6011505126953
"2018-04-03",75.2799987792969,75.4100036621094,73.3499984741211,74.5599975585938,8886000,74.1634826660156
"2018-04-04",73,75.0599975585938,72.5199966430664,74.7799987792969,8230800,74.38232421875
"2018-04-05",75.5899963378906,77.8199996948242,75.4800033569336,76.9499969482422,10015700,76.5407791137695
"2018-04-06",75.5199966430664,76.4000015258789,73.6999969482422,73.8600006103516,8179100,73.4672164916992
"2018-04-09",74.5999984741211,76.879997253418,74.5999984741211,75.1900024414062,7328400,74.7901458740234
"2018-04-10",76.5100021362305,77.3099975585938,75.8000030517578,76.7900009155273,5882500,76.3816299438477
"2018-04-11",76.1999969482422,77.4000015258789,76.0800018310547,76.5,4581000,76.0931777954102
"2018-04-12",76.8000030517578,77.9899978637695,76.6100006103516,77.4599990844727,5034800,77.0480651855469
"2018-04-13",78,78.629997253418,76.8300018310547,77.2699966430664,5909900,76.8590774536133
"2018-04-16",77.879997253418,78.5,77.1900024414062,77.8000030517578,5101400,77.3862686157227
"2018-04-17",78.5500030517578,80.4300003051758,78.5,80.0299987792969,7135700,79.6044006347656
"2018-04-18",80.0999984741211,80.8899993896484,79.3199996948242,80.3399963378906,5943700,79.9127502441406
"2018-04-19",80.1999969482422,80.3899993896484,79.1900024414062,79.6800003051758,7122700,79.2562561035156
"2018-04-20",79.2200012207031,79.870002746582,78.3000030517578,78.7300033569336,6265300,78.3113174438477
"2018-04-23",78.8600006103516,79.4499969482422,77.9899978637695,78.2099990844727,4038500,77.7940826416016
"2018-04-24",78.9000015258789,79.4000015258789,75.0800018310547,75.2799987792969,9186600,74.8796615600586
"2018-04-25",75.3899993896484,75.5749969482422,73.6999969482422,74,10940300,73.6064682006836
"2018-04-26",76.3199996948242,77.620002746582,75.4899978637695,76.0299987792969,13625300,75.6256713867188
"2018-04-27",76.2099990844727,76.3899993896484,73.6350021362305,74.129997253418,9794300,73.7357711791992
"2018-04-30",74,75.0189971923828,73.6900024414062,74.6100006103516,9444400,74.2132263183594
"2018-05-01",74.1500015258789,74.9899978637695,73.5999984741211,74.8099975585938,5660200,74.4121627807617
"2018-05-02",75,75.7099990844727,71.2099990844727,71.7300033569336,17710700,71.3485488891602
"2018-05-03",71.3000030517578,73.7699966430664,70.2200012207031,73.4499969482422,17310700,73.0593948364258
"2018-05-04",73.1900024414062,74.4400024414062,72.2300033569336,73.9899978637695,7470800,73.5965118408203
"2018-05-07",74.2200012207031,75.120002746582,74.0999984741211,74.6699981689453,7583700,74.2729034423828
"2018-05-08",74.620002746582,75.9400024414062,74.4400024414062,75.7200012207031,6267200,75.3173217773438
"2018-05-09",76.0800018310547,77.0500030517578,75.4599990844727,77.0100021362305,6230500,76.6004638671875
"2018-05-10",77.3899993896484,79.254997253418,77.25,79.1900024414062,11541400,78.7688674926758
"2018-05-11",79.25,79.3899993896484,78.0800018310547,79.1999969482422,9871300,78.77880859375
"2018-05-14",79.1399993896484,79.6500015258789,78.4400024414062,78.8099975585938,5821200,78.3908843994141
"2018-05-15",77.8499984741211,78.1999969482422,76.9300003051758,77.7900009155273,6173500,77.3763122558594
"2018-05-16",77.5,78.5400009155273,77.2799987792969,77.8199996948242,5350200,77.4061584472656
"2018-05-17",77.629997253418,81.1600036621094,77.5899963378906,79.1900024414062,8329500,78.7688674926758
"2018-05-18",79.9000015258789,81.9400024414062,79.8249969482422,80.7900009155273,14626900,80.3603591918945
"2018-05-21",81.6100006103516,82.3199996948242,80.370002746582,81.25,7882100,80.8179168701172
"2018-05-22",81.3899993896484,81.6100006103516,80.2799987792969,80.620002746582,5188300,80.1912612915039
"2018-05-23",79.6600036621094,81.120002746582,79.4049987792969,81.0800018310547,5059800,80.6488189697266
"2018-05-24",80.9100036621094,83.0599975585938,79.6600036621094,81.5500030517578,11696800,81.1163177490234
"2018-05-25",82.6500015258789,82.7200012207031,80.4899978637695,80.9599990844727,9471300,80.5294494628906
"2018-05-29",80.7099990844727,81.3399963378906,80.1999969482422,80.7300033569336,6924200,80.3006820678711
"2018-05-30",81.161003112793,82.0599975585938,80.9000015258789,81.5999984741211,5516200,81.1660537719727
"2018-05-31",81.8099975585938,82.8300018310547,81.5500030517578,82.0699996948242,8250100,81.6335525512695
"2018-06-01",82.5500030517578,83.4599990844727,81.8499984741211,83.25,7092100,82.8072738647461
"2018-06-04",83.2300033569336,84.8000030517578,82.7699966430664,84.5699996948242,7423700,84.1202545166016
"2018-06-05",84.5,85.1999969482422,84.0100021362305,85.0500030517578,9033600,84.5977096557617
"2018-06-06",85.0500030517578,85.6100006103516,84.5,85.2099990844727,7867200,84.7568588256836
"2018-06-07",85.2099990844727,85.3000030517578,82.3099975585938,83.2699966430664,7838600,82.8271636962891
"2018-06-08",83.2300033569336,84.4899978637695,83.1500015258789,84.3399963378906,7430900,83.8914794921875
"2018-06-11",84.4499969482422,84.5899963378906,83.7900009155273,83.8899993896484,4870400,83.4438781738281
"2018-06-12",83.9300003051758,86.1999969482422,83.875,85.0199966430664,9216900,84.5678634643555
"2018-06-13",85.5,86,84.6800003051758,85.2699966430664,7510300,84.8165283203125
"2018-06-14",85.5,86.2949981689453,85.2099990844727,85.6100006103516,6643400,85.1547317504883
"2018-06-15",85.3300018310547,85.6900024414062,84.0999984741211,85.3099975585938,8710800,84.856315612793
"2018-06-18",84.8399963378906,86.1999969482422,84.4400024414062,85.8499984741211,5579400,85.3934478759766
"2018-06-19",84.6399993896484,84.9599990844727,83.4300003051758,84.5199966430664,6245100,84.0705184936523
"2018-06-20",84.8600006103516,86.9700012207031,84.8199996948242,85.9499969482422,9174900,85.4929122924805
"2018-06-21",86.5,87.5500030517578,85.4499969482422,85.9700012207031,8101300,85.5128173828125
"2018-06-22",86.3199996948242,86.5599975585938,84.6100006103516,85.120002746582,7503400,84.6673355102539
"2018-06-25",84.0800018310547,84.4700012207031,81.2099990844727,82.1900024414062,10780100,81.7529220581055
"2018-06-26",82.6800003051758,83.2099990844727,81.7699966430664,82.3199996948242,6742200,81.8822174072266
"2018-06-27",82.5500030517578,82.9700012207031,80.4530029296875,80.6699981689453,8974100,80.2409973144531
"2018-06-28",80.3899993896484,82.8300018310547,80.1600036621094,82.4800033569336,7374500,82.041374206543
"2018-06-29",82.75,83.6600036621094,82.6100006103516,83.2699966430664,6817000,82.8271636962891
"2018-07-02",82.75,83.9599990844727,82.0619964599609,83.8899993896484,4929400,83.4438781738281
"2018-07-03",84.3600006103516,84.9000015258789,83.1500015258789,83.2699966430664,3644100,82.8271636962891
"2018-07-05",83.6399993896484,84.6399993896484,83.3000030517578,84.5899963378906,5287700,84.1401443481445
"2018-07-06",84.4100036621094,86,83.9400024414062,85.9400024414062,5095500,85.4829711914062
"2018-07-09",86.5999984741211,86.9000015258789,85.3479995727539,86.2300033569336,5683500,85.7714309692383
"2018-07-10",86.7200012207031,86.7200012207031,85.7699966430664,86.1699981689453,3723200,85.7117462158203
"2018-07-11",85.4700012207031,86.8600006103516,85.0699996948242,86.25,4153200,85.7913208007812
"2018-07-12",87.1999969482422,89.1900024414062,86.8000030517578,89.129997253418,6912300,88.656005859375
"2018-07-13",89,89.0999984741211,86.8300018310547,87.9899978637695,6106400,87.5220642089844
"2018-07-16",88.2600021362305,88.3410034179688,87.4800033569336,87.7699966430664,4452300,87.3032379150391
"2018-07-17",87.25,88.7200012207031,86.5899963378906,88.5800018310547,5086100,88.1089324951172
"2018-07-18",88.6999969482422,88.9300003051758,87.6800003051758,88.2200012207031,4797100,87.750846862793
"2018-07-19",88,88.5899963378906,87.1600036621094,87.379997253418,5612900,86.9153137207031
"2018-07-20",87.3199996948242,88,87.1399993896484,87.4700012207031,7541500,87.0048294067383
"2018-07-23",87.1399993896484,89.5999984741211,85.8199996948242,89.2399978637695,11759700,88.7654190063477
"2018-07-24",90.5999984741211,92.3499984741211,90.4130020141602,91.4100036621094,13369400,90.9238815307617
"2018-07-25",91.129997253418,92.3499984741211,91.0100021362305,91.370002746582,11976800,90.8840942382812
"2018-07-26",88.5100021362305,90.6800003051758,87.25,89.1399993896484,14505600,88.6659545898438
"2018-07-27",89.5,90.2799987792969,84.75,85.4599990844727,14903400,85.0055236816406
"2018-07-30",85.5,85.5,81.8499984741211,82.3899993896484,13501500,81.9518508911133
"2018-07-31",82.5100021362305,83.3199996948242,81.3000030517578,82.1399993896484,13462200,81.7031784057617
"2018-08-01",82.2399978637695,83.9800033569336,82.0100021362305,83.4599990844727,11160400,83.0161590576172
"2018-08-02",82.9499969482422,85.5899963378906,82.8499984741211,85.5299987792969,8327200,85.0751495361328
"2018-08-03",85.9899978637695,86.1999969482422,84.1500015258789,85.1900024414062,6216400,84.7369613647461
"2018-08-06",85.1900024414062,86.0999984741211,84.9000015258789,85.7699966430664,5702500,85.3138732910156
"2018-08-07",86.3000030517578,86.9899978637695,85.9499969482422,86.3000030517578,4951200,85.8410568237305
"2018-08-08",86.2300033569336,87.0950012207031,85.8600006103516,86.7399978637695,3888900,86.2787170410156
"2018-08-09",86.9100036621094,88.0899963378906,86.4800033569336,87.1699981689453,5507000,86.706428527832
"2018-08-10",86.5500030517578,88.0299987792969,86.0100021362305,87.0100021362305,5796500,86.5472793579102
"2018-08-13",87.4199981689453,88.5,86.9599990844727,87.0100021362305,6040100,86.5472793579102
"2018-08-14",87.370002746582,87.8300018310547,86.4800033569336,87.7300033569336,6107400,87.2634582519531
"2018-08-15",86.7799987792969,87.25,84.6100006103516,85.1900024414062,8742900,84.7369613647461
"2018-08-16",85.8499984741211,85.9000015258789,84.870002746582,85.3199996948242,5967200,84.8662643432617
"2018-08-17",85.0999984741211,85.7699966430664,84.2200012207031,85.4499969482422,6245000,84.9955749511719
"2018-08-20",85.7399978637695,86,84.9000015258789,85.75,4103000,85.2939758300781
"2018-08-21",85.8199996948242,87.379997253418,85.8199996948242,86.2200012207031,5389600,85.7614822387695
"2018-08-22",86,87.1600036621094,85.629997253418,86.9499969482422,4265900,86.4876022338867
"2018-08-23",86.7200012207031,88.1750030517578,86.6699981689453,87.379997253418,4310000,86.9153137207031
"2018-08-24",87.9499969482422,90.129997253418,87.9499969482422,90.0999984741211,7403900,89.6208419799805
"2018-08-27",90.6800003051758,91.3199996948242,89.7799987792969,89.9700012207031,5466700,89.4915466308594
"2018-08-28",90.0999984741211,90.8499984741211,89.6800003051758,90.6100006103516,4643800,90.1281356811523
"2018-08-29",90.7799987792969,92.9400024414062,90.7799987792969,92.620002746582,7841800,92.1274566650391
"2018-08-30",92.2900009155273,93.0100021362305,91.7099990844727,92.0899963378906,7146600,91.6002655029297
"2018-08-31",91.8399963378906,92.7399978637695,91.8000030517578,92.3300018310547,4874400,91.8389892578125
"2018-09-04",91.9400024414062,93.4400024414062,91.620002746582,93.0699996948242,6466700,92.5750579833984
"2018-09-05",92.9800033569336,93,88.6999969482422,89.0500030517578,10202200,88.5764389038086
"2018-09-06",89.1800003051758,89.5550003051758,88.0599975585938,89,6840300,88.5267028808594
"2018-09-07",88.129997253418,89.6800003051758,87.3899993896484,88.8199996948242,5679500,88.34765625
"2018-09-10",89.4300003051758,89.9899978637695,88.5599975585938,89.8000030517578,5466000,89.3224487304688
"2018-09-11",89.8300018310547,91.7099990844727,89.0350036621094,91.4300003051758,7321900,90.9437713623047
"2018-09-12",91.5299987792969,92.4599990844727,90.2099990844727,92.4000015258789,7213500,91.9086151123047
"2018-09-13",92.5999984741211,93.6999969482422,92.0599975585938,92.1900024414062,8308300,91.6997375488281
"2018-09-14",92.25,92.6800003051758,90.6800003051758,90.7799987792969,9342800,90.297233581543
"2018-09-17",90.6600036621094,91.3000030517578,88.5100021362305,88.6800003051758,9293800,88.2084045410156
"2018-09-18",88.7099990844727,90.0899963378906,88.7099990844727,89.7200012207031,5820700,89.2428665161133
"2018-09-19",90.0999984741211,90.7399978637695,88.2379989624023,89.3099975585938,5495100,88.8350448608398
"2018-09-20",89.8399963378906,90.7799987792969,89.1849975585938,90.5999984741211,6561700,90.1181869506836
"2018-09-21",91.0500030517578,92,90.4199981689453,90.620002746582,25379400,90.1380844116211
"2018-09-24",89.9499969482422,90.2600021362305,88.2600021362305,89.620002746582,8303100,89.1434020996094
"2018-09-25",89.620002746582,90.379997253418,89.2750015258789,90.0400009155273,5953400,89.561164855957
"2018-09-26",90.3399963378906,90.9300003051758,89.6999969482422,89.8499984741211,5936200,89.3721771240234
"2018-09-27",90.6100006103516,90.6999969482422,88.8600006103516,88.9899978637695,6996600,88.5167465209961
"2018-09-28",88.7900009155273,89.0449981689453,87.5999984741211,87.8399963378906,7920600,87.3728637695312
"2018-10-01",88.129997253418,88.8000030517578,87.4000015258789,87.5500030517578,9260600,87.0844116210938
"2018-10-02",87.2699966430664,87.3499984741211,85.8300018310547,86.6800003051758,6488200,86.2190322875977
"2018-10-03",87.4000015258789,87.9499969482422,86.370002746582,87.1500015258789,6625000,86.6865386962891
"2018-10-04",86.3899993896484,86.5,83.5400009155273,84.3399963378906,9077900,83.8914794921875
"2018-10-05",84.2099990844727,84.8399963378906,82.3199996948242,83.1800003051758,10735800,82.7376480102539
"2018-10-08",82.620002746582,82.8899993896484,78.6500015258789,80.5500030517578,16872200,80.1216354370117
"2018-10-09",80.6500015258789,81.8399963378906,79.4400024414062,80.0299987792969,9332400,79.6044006347656
"2018-10-10",79.6100006103516,79.9100036621094,75.3199996948242,75.4499969482422,16920300,75.0487518310547
"2018-10-11",76.8099975585938,77.7850036621094,74.6600036621094,75.9000015258789,21006500,75.4963684082031
"2018-10-12",79.120002746582,79.5999984741211,77.7900009155273,79.0299987792969,14131400,78.6097183227539
"2018-10-15",78.879997253418,79.1399993896484,77.2200012207031,77.2300033569336,8481100,76.8192977905273
"2018-10-16",78.8499984741211,80.9100036621094,78.4599990844727,80.6100006103516,10060000,80.1813125610352
"2018-10-17",81.1900024414062,81.3899993896484,79.5,80.0899963378906,10022600,79.6640777587891
"2018-10-18",80.1699981689453,80.4400024414062,77.3600006103516,77.4800033569336,19748500,77.0679626464844
"2018-10-19",83.75,86.1699981689453,82.9199981689453,84.7799987792969,34211900,84.3291397094727
"2018-10-22",84.8600006103516,86.2300033569336,83.5709991455078,85.4300003051758,11254800,84.9756851196289
"2018-10-23",83.1999969482422,87.8000030517578,82.9899978637695,87.5699996948242,14753800,87.1043014526367
"2018-10-24",87.0400009155273,87.6900024414062,83.0100021362305,83.0899963378906,14754600,82.6481246948242
"2018-10-25",84.2399978637695,86.5100021362305,83.5599975585938,85.9599990844727,9267600,85.5028686523438
"2018-10-26",83.2200012207031,85.6600036621094,82.1800003051758,83.370002746582,13969400,82.926643371582
"2018-10-29",84.7399978637695,85.2399978637695,78.9899978637695,81.1500015258789,12918800,80.7184448242188
"2018-10-30",80.3300018310547,81.9599990844727,79.4199981689453,80.9000015258789,13100800,80.4697799682617
"2018-10-31",82.370002746582,85.3499984741211,82.3000030517578,84.1900024414062,11191800,83.7422790527344
"2018-11-01",84.1800003051758,85.1500015258789,83.5699996948242,85.0400009155273,5952600,84.587760925293
"2018-11-02",85.4599990844727,86.1039962768555,82.6500015258789,83.5100021362305,7014400,83.0659027099609
"2018-11-05",83.3300018310547,84.25,82.25,84.0500030517578,4622300,83.6030197143555
"2018-11-06",84.0999984741211,85.3099975585938,83.7200012207031,84.6900024414062,4662500,84.2396240234375
"2018-11-07",85.8600006103516,88.4899978637695,85.7300033569336,88.2300033569336,8672000,87.7607955932617
"2018-11-08",87.6999969482422,89.0599975585938,87.6800003051758,89.0400009155273,7539000,88.5664901733398
"2018-11-09",88.4499969482422,88.4499969482422,85.5500030517578,86.7600021362305,9105900,86.2986145019531
"2018-11-12",86.1699981689453,86.6500015258789,83.3000030517578,83.7799987792969,6278200,83.3344573974609
"2018-11-13",84.120002746582,85.2289962768555,83.1600036621094,83.7799987792969,4731300,83.3344573974609
"2018-11-14",84.9800033569336,85.1399993896484,83.0699996948242,84.0500030517578,6678100,83.6030197143555
"2018-11-15",83.7900009155273,87.0899963378906,83.5999984741211,86.7399978637695,10001200,86.2787170410156
"2018-11-16",86,86.7200012207031,84.8300018310547,85.0599975585938,7581000,84.6076507568359
"2018-11-19",84.7699966430664,85.1900024414062,79.9000015258789,80.129997253418,11455300,79.7038650512695
"2018-11-20",77,79.0800018310547,75.4700012207031,77.7600021362305,14202100,77.3464736938477
"2018-11-21",79.0899963378906,79.8899993896484,77.6350021362305,79.120002746582,8522900,78.6992416381836
"2018-11-23",78.0899963378906,79.7099990844727,77.9000015258789,77.9499969482422,3066900,77.5354537963867
"2018-11-26",78.9700012207031,80.9800033569336,78.8600006103516,80.8600006103516,9292900,80.4299926757812
"2018-11-27",81,82,80.2050018310547,81.9700012207031,5335200,81.5340805053711
"2018-11-28",82.2699966430664,86,81.9499969482422,85.9800033569336,9342000,85.5227661132812
"2018-11-29",85.370002746582,85.6750030517578,83.7900009155273,84.2600021362305,6516600,83.8119125366211
"2018-11-30",84.3899993896484,85.8600006103516,83.6600036621094,85.8099975585938,11273300,85.3536605834961
"2018-12-03",87.2900009155273,88.8399963378906,87.1900024414062,87.9800033569336,10822500,87.5121231079102
"2018-12-04",87.2399978637695,88.4700012207031,84.0199966430664,84.1900024414062,8249900,83.7422790527344
"2018-12-06",81.8199996948242,85.8600006103516,81.2900009155273,85.8199996948242,10197700,85.3636093139648
"2018-12-07",84.9599990844727,85.9899978637695,81.9700012207031,82.7699966430664,8419500,82.3298263549805
"2018-12-10",83.25,85.5,82.7600021362305,84.9300003051758,9348200,84.4783401489258
"2018-12-11",86.0100021362305,86.9000015258789,84.5599975585938,85.5100021362305,8159100,85.0552597045898
"2018-12-12",86.8399963378906,88.4599990844727,86.5,86.5,10306800,86.0399932861328
"2018-12-13",87.7300033569336,88.7099990844727,86.4100036621094,87.5599975585938,8877300,87.094352722168
"2018-12-14",86.379997253418,87.9400024414062,85.4199981689453,85.9199981689453,6869100,85.4630737304688
"2018-12-17",85.6900024414062,86.3000030517578,83.3509979248047,84.0999984741211,8368100,83.6527557373047
"2018-12-18",84.6999969482422,86.370002746582,84.620002746582,85.5100021362305,9573000,85.0552597045898
"2018-12-19",85.629997253418,87.8000030517578,82.9300003051758,84.0299987792969,11258400,83.583122253418
"2018-12-20",83.7799987792969,84.870002746582,80.8199996948242,82.4400024414062,12532900,82.0015869140625
"2018-12-21",82.8099975585938,83.7699966430664,77.6900024414062,78.1399993896484,17704900,77.7244491577148
"2018-12-24",77.4800033569336,79.3199996948242,76.6999969482422,77.0599975585938,6800500,76.6501922607422
"2018-12-26",77.6999969482422,82.8000030517578,77.6500015258789,82.8000030517578,10994700,82.3596725463867
"2018-12-27",81.3300018310547,84.3600006103516,80.2399978637695,84.3099975585938,7849100,83.8616409301758
"2018-12-28",85,85.2300033569336,82.3399963378906,83.2600021362305,6850400,82.8172225952148
"2018-12-31",84.2399978637695,84.4800033569336,82.5500030517578,84.0899963378906,7247700,83.6428070068359
"2019-01-02",82.379997253418,86.1999969482422,82.2399978637695,85.75,10146200,85.2939758300781
"2019-01-03",84.3600006103516,84.75,81.9100036621094,82.0899963378906,9650700,81.6534423828125
"2019-01-04",83.7099990844727,86.9100036621094,83.370002746582,86.2699966430664,9234800,85.8112106323242
"2019-01-07",86.4199981689453,87.5500030517578,86.0199966430664,86.9300003051758,11094100,86.4677124023438
"2019-01-08",88.1100006103516,88.8949966430664,87.6900024414062,88.6999969482422,8307600,88.2282943725586
"2019-01-09",88.8099975585938,90.3150024414062,88.5,89.5500030517578,9578300,89.0737762451172
"2019-01-10",89.0999984741211,90.7900009155273,87.9179992675781,90.6999969482422,7478100,90.2176513671875
"2019-01-11",90.1100006103516,91.1439971923828,90.0999984741211,90.6500015258789,7398200,90.1679229736328
"2019-01-14",89.9599990844727,90.8099975585938,89.5500030517578,90.4300003051758,6084700,89.9490966796875
"2019-01-15",90.6399993896484,91.9100036621094,90.1900024414062,91.5999984741211,10377900,91.1128692626953
"2019-01-16",91.7200012207031,92.3499984741211,90.2099990844727,90.5500030517578,8475000,90.0684585571289
"2019-01-17",90.25,90.870002746582,89.8099975585938,90.4000015258789,10254500,89.9192581176758
"2019-01-18",91.3499984741211,91.4400024414062,89.7799987792969,91.120002746582,11958400,90.6354293823242
"2019-01-22",90.3300018310547,90.9700012207031,89.0899963378906,89.9400024414062,7890300,89.4617004394531
"2019-01-23",90.7399978637695,91.1699981689453,89.5699996948242,90.5,5595700,90.0187149047852
"2019-01-24",90.6699981689453,92.9899978637695,90.5500030517578,92.1999969482422,9749100,91.7096786499023
"2019-01-25",93.0500030517578,94.5800018310547,92.6900024414062,94.2799987792969,11664300,93.7786178588867
"2019-01-28",93.3000030517578,93.4199981689453,90.6900024414062,92.3000030517578,7361100,91.8091506958008
"2019-01-29",92.3300018310547,92.8499984741211,90.5699996948242,91.120002746582,6399900,90.6354293823242
"2019-01-30",92.0199966430664,93.3399963378906,90.9000015258789,92.4199981689453,11622800,91.9285125732422
"2019-01-31",89.0199966430664,90.0899963378906,86.620002746582,88.7600021362305,23729900,88.287971496582
"2019-02-01",88.3600006103516,90.5,88.25,90.0100021362305,10514600,89.5313339233398
"2019-02-04",89.879997253418,92.120002746582,89.7099990844727,91.6600036621094,7084500,91.1725616455078
"2019-02-05",91.9100036621094,92.3499984741211,91.3600006103516,92.2699966430664,5591300,91.7793045043945
"2019-02-06",90.8000030517578,92.2900009155273,90.1900024414062,92.25,5939400,91.7594146728516
"2019-02-07",91.1100006103516,91.7099990844727,90.0100021362305,90.8499984741211,7283800,90.3668594360352
"2019-02-08",90.0199966430664,91.9100036621094,90,91.870002746582,7642100,91.3814392089844
"2019-02-11",92.25,93.75,92.1500015258789,92.6900024414062,6455900,92.1970748901367
"2019-02-12",93.4400024414062,94.5100021362305,93.1999969482422,94.379997253418,7497000,93.8780822753906
"2019-02-13",94.5899963378906,96.0400009155273,93.8440017700195,94.0100021362305,8577900,93.5100555419922
"2019-02-14",93.6500015258789,94.9899978637695,93.0999984741211,94.4199981689453,6579200,93.9178695678711
"2019-02-15",95,95.4300003051758,94.4499969482422,94.9100036621094,6080200,94.4052734375
"2019-02-19",94.4499969482422,95.3000030517578,94.0599975585938,95.0199966430664,8092400,94.5146789550781
"2019-02-20",95,95.7200012207031,93.9800033569336,94.7300033569336,8154100,94.2262344360352
"2019-02-21",94.7200012207031,95.5100021362305,94.3300018310547,94.9599990844727,6410000,94.4550018310547
"2019-02-22",95.2399978637695,96,95.0699996948242,95.9800033569336,4898000,95.4695816040039
"2019-02-25",96.0699996948242,97.3040008544922,96,96.6999969482422,7470700,96.1857452392578
"2019-02-26",96.3399963378906,96.8199996948242,95.5299987792969,96.5899963378906,5906400,96.0763244628906
"2019-02-27",96.1100006103516,98.0400009155273,95.9300003051758,97.8600006103516,5565400,97.3395767211914
"2019-02-28",97.6600036621094,98.5250015258789,97.0800018310547,98.0699996948242,6151800,97.5484619140625
"2019-03-01",98.9199981689453,99.4499969482422,98.3399963378906,98.8000030517578,5434000,98.2745819091797
"2019-03-04",98.0299987792969,98.5,95.3399963378906,96.5699996948242,7855800,96.0564346313477
"2019-03-05",96.6500015258789,97.1399993896484,96.1500015258789,96.5299987792969,6321900,96.0166549682617
"2019-03-06",96.5199966430664,97.2799987792969,95.9100036621094,96.4599990844727,3226500,95.9470291137695
"2019-03-07",96.1699981689453,96.75,95.3000030517578,96.2099990844727,6170100,95.6983489990234
"2019-03-08",95.0400009155273,95.7699966430664,94.5100021362305,95.6900024414062,4577700,95.1811218261719
"2019-03-11",96.0100021362305,97.5699996948242,95.9540023803711,97.4499969482422,5387500,96.931755065918
"2019-03-12",98,98.0800018310547,96.9000015258789,97.5,5624500,96.9814910888672
"2019-03-13",98.1999969482422,100.589996337891,98.1399993896484,99.3099975585938,9356600,98.781867980957
"2019-03-14",99.4599990844727,99.6699981689453,98.9300003051758,99.0299987792969,5414700,98.5033569335938
"2019-03-15",99.4000015258789,101.26000213623,99.3300018310547,100.730003356934,10960900,100.194320678711
"2019-03-18",101.209999084473,101.830001831055,99.370002746582,100.269996643066,6454000,99.7367630004883
"2019-03-19",100.599998474121,101.684997558594,100.599998474121,101.540000915527,6965100,101.000015258789
"2019-03-20",101.449996948242,103.050003051758,100.839996337891,102.309997558594,6462900,101.765914916992
"2019-03-21",102.150001525879,104.559997558594,102.084999084473,104.150001525879,7216700,103.596130371094
"2019-03-22",103.870002746582,104,101.25,101.269996643066,7195000,100.7314453125
"2019-03-25",100.940002441406,102.180000305176,100.51000213623,101.550003051758,5117700,101.009963989258
"2019-03-26",102.339996337891,103.285003662109,101.75,103.150001525879,4498000,102.601448059082
"2019-03-27",103.199996948242,104.169998168945,101.73999786377,103.069999694824,5450200,102.521873474121
"2019-03-28",103.449996948242,104.01000213623,102.669998168945,103.860000610352,4459900,103.307678222656
"2019-03-29",104.519996643066,104.699996948242,103.459999084473,103.839996337891,5625500,103.287780761719
"2019-04-01",104.98999786377,105.76000213623,103.849998474121,105.550003051758,6157200,104.988693237305
"2019-04-02",105.76000213623,105.76000213623,104.660003662109,105.230003356934,4177400,104.670387268066
"2019-04-03",105.910003662109,105.970001220703,104.48999786377,104.690002441406,5441900,104.133262634277
"2019-04-04",104.699996948242,104.970001220703,102.650001525879,104.459999084473,7996800,103.904479980469
"2019-04-05",104.839996337891,105.800003051758,104.620002746582,105.730003356934,8573800,105.16773223877
"2019-04-08",105.660003662109,107,104.669998168945,106.569999694824,9261800,106.003257751465
"2019-04-09",106.059997558594,107.51000213623,105.830001831055,106.930000305176,7217100,106.361351013184
"2019-04-10",107.150001525879,107.769996643066,106.389999389648,107.51000213623,6561800,106.938262939453
"2019-04-11",107.51000213623,107.73999786377,105.910003662109,106.459999084473,7681000,105.893844604492
"2019-04-12",107.029998779297,108.540000915527,106.410003662109,108.480003356934,6997700,107.903106689453
"2019-04-15",108.580001831055,109,107.309997558594,108.139999389648,4480100,107.564910888672
"2019-04-16",108.800003051758,108.800003051758,107.580001831055,108.199996948242,3766100,107.62459564209
"2019-04-17",107.805000305176,108.860000610352,107.25,108.809997558594,5353700,108.231346130371
"2019-04-18",108.360000610352,108.449996948242,105.080001831055,107.360000610352,10220700,106.7890625
"2019-04-22",106.790000915527,107.180000305176,106.019996643066,106.809997558594,6408500,106.241981506348
"2019-04-23",107.099998474121,107.51000213623,106.440002441406,106.900001525879,8564200,106.331512451172
"2019-04-24",107.110000610352,108.389999389648,106.419998168945,107.220001220703,9553100,106.649803161621
"2019-04-25",108.519996643066,110.919998168945,108.519996643066,110.220001220703,10959400,109.633850097656
"2019-04-26",109.720001220703,110.569999694824,107.879997253418,110.559997558594,7683200,109.972038269043
"2019-04-29",110.699996948242,113,110.440002441406,112.440002441406,6989300,111.84204864502
"2019-04-30",112.440002441406,113.220001220703,111.199996948242,112.769996643066,6489400,112.170288085938
"2019-05-01",113.209999084473,113.690002441406,110.919998168945,110.940002441406,5442200,110.350021362305
"2019-05-02",110.599998474121,111.160003662109,108.910003662109,109.699996948242,5272400,109.116607666016
"2019-05-03",110.569999694824,112.120002746582,110.25,111.959999084473,4660500,111.364593505859
"2019-05-06",109.440002441406,111.120002746582,108.580001831055,110.849998474121,4722600,110.26050567627
"2019-05-07",110.169998168945,110.169998168945,107.639999389648,108.949996948242,6178700,108.37060546875
"2019-05-08",108.580001831055,109.879997253418,108.150001525879,109.069999694824,4118000,108.489967346191
"2019-05-09",108.099998474121,110.133003234863,107.248001098633,109.730003356934,4657300,109.146461486816
"2019-05-10",109.220001220703,110.680000305176,107.459999084473,110.410003662109,3750900,109.822845458984
"2019-05-13",107.599998474121,108.629997253418,106.519996643066,106.830001831055,5657900,106.261878967285
"2019-05-14",107.559997558594,110.400001525879,107.349998474121,109.089996337891,4559700,108.509857177734
"2019-05-15",108.589996337891,111.930000305176,108.309997558594,111.5,5315300,110.907043457031
"2019-05-16",111.199996948242,114.660003662109,111.160003662109,113.870002746582,6031800,113.264442443848
"2019-05-17",113.069999694824,114.25,112.241996765137,112.800003051758,4512400,112.200134277344
"2019-05-20",111.970001220703,113.309997558594,111.230003356934,112.150001525879,3631600,111.553588867188
"2019-05-21",112.669998168945,113.120002746582,111.685997009277,112.430000305176,4001400,111.832099914551
"2019-05-22",112.279998779297,113.959999084473,112.209999084473,112.470001220703,3091700,111.871887207031
"2019-05-23",111.470001220703,111.709999084473,109.059997558594,109.900001525879,7183600,109.315559387207
"2019-05-24",110.839996337891,111.23999786377,109.459999084473,109.849998474121,4832500,109.265815734863
"2019-05-28",110.569999694824,113.139999389648,110.5,111.790000915527,6568300,111.195495605469
"2019-05-29",110.75,110.970001220703,109.309997558594,110.080001831055,8166200,109.494590759277
"2019-05-30",110.639999389648,111.569999694824,110.089996337891,111.410003662109,3871800,110.817520141602
"2019-05-31",110.330001831055,110.800003051758,108.73999786377,109.75,4913500,109.166351318359
"2019-06-03",111.089996337891,111.089996337891,103.959999084473,105.519996643066,11261200,104.958839416504
"2019-06-04",106.830001831055,108.830001831055,105.779998779297,108.730003356934,7280400,108.15177154541
"2019-06-05",110.040000915527,110.879997253418,109.459999084473,110.769996643066,6220200,110.180923461914
"2019-06-06",111.110000610352,112.040000915527,110.269996643066,111.779998779297,4744000,111.185546875
"2019-06-07",112.300003051758,115.139999389648,112.080001831055,114.019996643066,5916400,113.413635253906
"2019-06-10",115.099998474121,117.349998474121,114.849998474121,115.620002746582,6483600,115.005142211914
"2019-06-11",116.970001220703,117.449996948242,113.294998168945,114.599998474121,5038900,113.99055480957
"2019-06-12",114.589996337891,114.889999389648,113.470001220703,114.5,3914400,113.891090393066
"2019-06-13",114.819999694824,115.819999694824,114.589996337891,115.720001220703,4089400,115.104598999023
"2019-06-14",115.910003662109,116.730003356934,115.269996643066,116.169998168945,4242000,115.552207946777
"2019-06-17",116.580001831055,117.334999084473,116.370002746582,117.160003662109,4621600,116.536949157715
"2019-06-18",118.599998474121,118.646003723145,115.839996337891,115.980003356934,6793300,115.363227844238
"2019-06-19",116,117.339996337891,115.220001220703,117.139999389648,5166000,116.517051696777
"2019-06-20",118.849998474121,119.949996948242,117.839996337891,118.790000915527,5437500,118.158271789551
"2019-06-21",116.080001831055,117.279998779297,115.970001220703,116.209999084473,10651500,115.591995239258
"2019-06-24",116.51000213623,116.773002624512,115.660003662109,116.5,3369800,115.88045501709
"2019-06-25",116.580001831055,116.959999084473,113.389999389648,114.440002441406,5393700,113.831405639648
"2019-06-26",115.699996948242,116.379997253418,114.11499786377,114.150001525879,4637300,113.542953491211
"2019-06-27",114.51000213623,114.870002746582,113.080001831055,113.669998168945,5139300,113.065498352051
"2019-06-28",114.23999786377,114.620002746582,113.330001831055,114.459999084473,6679800,113.851303100586
"2019-07-01",116.720001220703,116.75,114.349998474121,115.029998779297,5566900,114.418273925781
"2019-07-02",115.180000305176,116.199996948242,114.580001831055,116.169998168945,4153900,115.552207946777
"2019-07-03",116.879997253418,117.720001220703,116.059997558594,117.680000305176,3288900,117.054176330566
"2019-07-05",116.540000915527,117.400001525879,114.690002441406,117.160003662109,3801700,116.536949157715
"2019-07-08",116.339996337891,117.224998474121,115.139999389648,116.949996948242,4983600,116.328056335449
"2019-07-09",116.370002746582,118.620002746582,116.25,118.370002746582,4739000,117.740509033203
"2019-07-10",119.110000610352,120.199996948242,118.779998779297,119.639999389648,5879700,119.003753662109
"2019-07-11",120.169998168945,120.75,119.23999786377,120.650001525879,4999700,120.00838470459
"2019-07-12",120.919998168945,121,119.309997558594,120.120002746582,4540300,119.481201171875
"2019-07-15",120.769996643066,121.040000915527,119.800003051758,120.900001525879,3721000,120.257049560547
"2019-07-16",121.099998474121,121.480003356934,119.529998779297,119.709999084473,4006600,119.073379516602
"2019-07-17",119.650001525879,119.98999786377,118.800003051758,118.809997558594,4627500,118.178161621094
"2019-07-18",118.98999786377,120.800003051758,118.629997253418,119.870002746582,4436900,119.232536315918
"2019-07-19",120.73999786377,121.360000610352,118.599998474121,118.629997253418,4916200,117.999122619629
"2019-07-22",118.98999786377,119.209999084473,118.120002746582,118.690002441406,5676600,118.058807373047
"2019-07-23",119.419998168945,120.269996643066,118.694999694824,120.220001220703,5016000,119.580673217773
"2019-07-24",120,121.330001831055,118.930000305176,121.300003051758,8969800,120.654930114746
"2019-07-25",116.75,117.550003051758,113.230003356934,115.120002746582,19417200,114.507797241211
"2019-07-26",115.709999084473,116.349998474121,114.339996337891,115.48999786377,7995500,114.875823974609
"2019-07-29",113.5,114.279998779297,111.220001220703,111.449996948242,13820200,110.857307434082
"2019-07-30",110.790000915527,112.290000915527,108.769996643066,112.040000915527,8456000,111.444175720215
"2019-07-31",112.199996948242,112.300003051758,109.430000305176,110.400001525879,10096200,109.812896728516
"2019-08-01",110.449996948242,112.449996948242,109.665000915527,110.800003051758,9436100,110.21076965332
"2019-08-02",109.470001220703,109.650001525879,105.830001831055,107.089996337891,10466900,106.520492553711
"2019-08-05",103.76000213623,105.389999389648,102.410003662109,103.599998474121,11745400,103.049049377441
"2019-08-06",105,106,104.480003356934,105.029998779297,7740500,104.471450805664
"2019-08-07",104.059997558594,107.160003662109,103.300003051758,106.629997253418,7622000,106.062934875488
"2019-08-08",107.349998474121,108.139999389648,106.080001831055,106.790000915527,7815000,106.222091674805
"2019-08-09",106.400001525879,106.519996643066,104.449996948242,104.819999694824,7777300,104.262565612793
"2019-08-12",104.01000213623,104.379997253418,102.209999084473,102.720001220703,7896800,102.173736572266
"2019-08-13",103.389999389648,106.699996948242,102.680000305176,106.040000915527,9788400,105.476081848145
"2019-08-14",104.169998168945,105.129997253418,102.440002441406,103.269996643066,9538800,102.720809936523
"2019-08-15",103.900001525879,105.790000915527,103.129997253418,104.949996948242,6975800,104.391868591309
"2019-08-16",106.080001831055,106.610000610352,105.550003051758,106.160003662109,5840900,105.595443725586
"2019-08-19",108,108.440002441406,106.830001831055,107.669998168945,5718300,107.097412109375
"2019-08-20",107.910003662109,108.580001831055,107.019996643066,107.370002746582,4358600,106.799011230469
"2019-08-21",108.540000915527,110.019996643066,108.398002624512,109.819999694824,5415900,109.235977172852
"2019-08-22",110.080001831055,110.290000915527,107.650001525879,108.769996643066,3863600,108.191558837891
"2019-08-23",108.930000305176,110.139999389648,105.51000213623,106.040000915527,7456400,105.476081848145
"2019-08-26",107.110000610352,107.830001831055,106.290000915527,107.660003662109,3666900,107.087471008301
"2019-08-27",108.389999389648,108.720001220703,106.949996948242,107.449996948242,4937400,106.878578186035
"2019-08-28",106.709999084473,107.629997253418,105.349998474121,107.470001220703,3256100,106.898475646973
"2019-08-29",108.959999084473,109.76000213623,108.779998779297,109.209999084473,3930900,108.629219055176
"2019-08-30",110.129997253418,110.970001220703,108.540000915527,109.050003051758,3957900,108.470077514648
"2019-09-03",107.919998168945,108.860000610352,106.459999084473,106.75,4037700,106.182304382324
"2019-09-04",107.75,109.235000610352,107.290000915527,108.730003356934,3691200,108.15177154541
"2019-09-05",110,111.629997253418,109.51000213623,111.459999084473,5348700,110.867256164551
"2019-09-06",111.660003662109,111.669998168945,109.620002746582,110.050003051758,4675800,109.464752197266
"2019-09-09",110.620002746582,110.769996643066,103.900001525879,105.430000305176,10959000,104.869323730469
"2019-09-10",104.769996643066,104.949996948242,101.309997558594,103.050003051758,13428000,102.501983642578
"2019-09-11",104.150001525879,104.480003356934,103.110000610352,104.019996643066,7006300,103.466819763184
"2019-09-12",105.709999084473,107.915000915527,105.48999786377,107.099998474121,11585400,106.53044128418
"2019-09-13",106.660003662109,107.290000915527,105.25,107,8390200,106.430969238281
"2019-09-16",106.129997253418,108.01000213623,105.98999786377,106.519996643066,5215600,105.95352935791
"2019-09-17",106.809997558594,107.894996643066,106.459999084473,107.5,4097400,106.928314208984
"2019-09-18",107.779998779297,107.800003051758,103.730003356934,105.599998474121,6624300,105.038421630859
"2019-09-19",105.639999389648,107.019996643066,105.599998474121,106.120002746582,5017100,105.555656433105
"2019-09-20",104.709999084473,105.459999084473,103.910003662109,104.639999389648,10427300,104.083526611328
"2019-09-23",104.730003356934,105.319999694824,104.349998474121,105.110000610352,3312800,104.551025390625
"2019-09-24",105.410003662109,106.099998474121,102.730003356934,103.690002441406,6367900,103.138580322266
"2019-09-25",103.339996337891,104.462997436523,101.540000915527,104.139999389648,5457300,103.586181640625
"2019-09-26",104.430000305176,104.870002746582,103.220001220703,104.550003051758,4719800,103.994003295898
"2019-09-27",104.870002746582,105.169998168945,101.099998474121,102.199996948242,7189400,101.656494140625
"2019-09-30",102.680000305176,104.069999694824,101.480003356934,103.589996337891,7390700,103.039100646973
"2019-10-01",104,104.640998840332,102.230003356934,102.529998779297,5694500,101.984748840332
"2019-10-02",101.809997558594,101.830001831055,99.3600006103516,99.7300033569336,7879000,99.1996383666992
"2019-10-03",99.5400009155273,101.309997558594,98.6100006103516,101.029998779297,4846100,100.492721557617
"2019-10-04",101.839996337891,102.980003356934,100.839996337891,102.790000915527,5458000,102.243362426758
"2019-10-07",102.110000610352,102.607002258301,101.519996643066,101.620002746582,3711300,101.07958984375
"2019-10-08",100.849998474121,101.150001525879,99.25,99.3300018310547,7027600,98.8017654418945
"2019-10-09",99.4400024414062,100.690002441406,99.3850021362305,99.8899993896484,4988600,99.3587875366211
"2019-10-10",99.4000015258789,101,99.4000015258789,100.540000915527,4281600,100.005325317383
"2019-10-11",101.779998779297,103.959999084473,101.470001220703,101.580001831055,4762900,101.03980255127
"2019-10-14",101.589996337891,102.349998474121,101.366996765137,101.75,2953500,101.208892822266
"2019-10-15",102.01000213623,103.660003662109,101.900001525879,103.589996337891,4579600,103.039100646973
"2019-10-16",103,103.230003356934,101.900001525879,103.089996337891,4327000,102.541763305664
"2019-10-17",103.889999389648,104.339996337891,102.839996337891,103.629997253418,3996300,103.078895568848
"2019-10-18",103.919998168945,104.319999694824,100.75,101.220001220703,7260700,100.681716918945
"2019-10-21",102.360000610352,102.730003356934,100.464996337891,101.440002441406,6694400,100.900543212891
"2019-10-22",101.360000610352,101.949996948242,97.1149978637695,97.3600006103516,11298100,96.8422470092773
"2019-10-23",97.4199981689453,97.5999984741211,94.7699966430664,96.6399993896484,16470200,96.1260681152344
"2019-10-24",106.074996948242,106.980003356934,103.190002441406,104.910003662109,23689200,104.352088928223
"2019-10-25",104.459999084473,107.48999786377,104.419998168945,107.190002441406,12070900,106.619964599609
"2019-10-28",107.98999786377,108.459999084473,106.449996948242,106.599998474121,7004200,106.033096313477
"2019-10-29",106.839996337891,107.019996643066,104.694999694824,105,5420900,104.441612243652
"2019-10-30",105.290000915527,106.599998474121,103.959999084473,106.5,4204900,105.933639526367
"2019-10-31",106.470001220703,106.5,103.26000213623,104.099998474121,7200500,103.546394348145
"2019-11-01",104.699996948242,105.300003051758,103.930000305176,104.980003356934,5489800,104.421722412109
"2019-11-04",105.720001220703,105.76000213623,102.605003356934,102.809997558594,5818400,102.263252258301
"2019-11-05",103.050003051758,103.25,100.285003662109,100.98999786377,9236200,100.452934265137
"2019-11-06",101.199996948242,101.339996337891,100.169998168945,100.629997253418,7332200,100.094848632812
"2019-11-07",100.940002441406,101.720001220703,100.290000915527,100.470001220703,9088400,99.9356994628906
"2019-11-08",100.025001525879,101.709999084473,99.5999984741211,101.419998168945,5451300,100.880645751953
"2019-11-11",101.040000915527,103.040000915527,100.660003662109,102.669998168945,5391000,102.123992919922
"2019-11-12",102.970001220703,103.089996337891,100.919998168945,102.029998779297,6715200,101.487403869629
"2019-11-13",102,103.599998474121,101.629997253418,102.120002746582,5246600,101.576934814453
"2019-11-14",101.870002746582,103.849998474121,101.370002746582,103.730003356934,4978400,103.178367614746
"2019-11-15",104.349998474121,104.480003356934,103.105003356934,104.199996948242,5639600,103.645866394043
"2019-11-18",103.849998474121,104.199996948242,102.980003356934,103.660003662109,4830400,103.108741760254
"2019-11-19",104.080001831055,106.169998168945,104.008003234863,104.949996948242,7954100,104.391868591309
"2019-11-20",105.220001220703,105.379997253418,103.120002746582,104.089996337891,5953500,103.536445617676
"2019-11-21",103,104.470001220703,102.150001525879,102.550003051758,7525100,102.00464630127
"2019-11-22",102.919998168945,103.230003356934,100.720001220703,101.769996643066,6448800,101.228782653809
"2019-11-25",102.379997253418,104.569999694824,102.059997558594,104.449996948242,8336100,103.89453125
"2019-11-26",104.800003051758,106.779998779297,104.5,106.199996948242,13126400,105.635223388672
"2019-11-27",106.889999389648,108.23999786377,106.800003051758,107.75,7553400,107.176986694336
"2019-11-29",107.970001220703,108.389999389648,106.900001525879,108.01000213623,4439500,107.435607910156
"2019-12-02",107.959999084473,108.48999786377,104.650001525879,106.209999084473,7182600,105.645172119141
"2019-12-03",105,106.129997253418,104.51000213623,105.589996337891,8947500,105.028472900391
"2019-12-04",106.290000915527,106.290000915527,104.654998779297,105,7848700,104.441612243652
"2019-12-05",105.449996948242,105.5,104.110000610352,104.589996337891,5635800,104.033790588379
"2019-12-06",104.790000915527,105.34400177002,104.160003662109,104.339996337891,7018000,103.785118103027
"2019-12-09",104.599998474121,105.099998474121,103.599998474121,103.779998779297,5641300,103.228096008301
"2019-12-10",103.769996643066,104.129997253418,103.26000213623,103.620002746582,5316500,103.068946838379
"2019-12-11",103.720001220703,105.870002746582,103.589996337891,105.51000213623,5779700,104.94889831543
"2019-12-12",105.209999084473,106.220001220703,104.129997253418,105.669998168945,6379500,105.108039855957
"2019-12-13",105.830001831055,107.904998779297,105.519996643066,107.650001525879,6998800,107.077522277832
"2019-12-16",108.400001525879,109.828002929688,108.349998474121,109.569999694824,8465400,108.9873046875
"2019-12-17",109.569999694824,109.599998474121,107.669998168945,108.459999084473,8165900,107.883209228516
"2019-12-18",108.860000610352,109.470001220703,107.76000213623,107.830001831055,6477900,107.256561279297
"2019-12-19",107.800003051758,108.940002441406,107.459999084473,108.879997253418,6590000,108.300971984863
"2019-12-20",109.279998779297,109.620002746582,108.129997253418,108.75,9823200,108.171661376953
"2019-12-23",109.050003051758,109.449996948242,108.379997253418,108.610000610352,4659000,108.032417297363
"2019-12-24",108.639999389648,109.26000213623,108.379997253418,108.690002441406,1680000,108.111991882324
"2019-12-26",109.129997253418,109.75,108.569999694824,109.75,4049900,109.166351318359
"2019-12-27",110.166999816895,110.180000305176,108.900001525879,109.400001525879,3379600,108.818214416504
"2019-12-30",109.519996643066,109.599998474121,107.730003356934,107.970001220703,3769200,107.395812988281
"2019-12-31",107.540000915527,108.449996948242,107.199996948242,108.169998168945,4080500,107.594749450684
"2020-01-02",109.470001220703,111.209999084473,109.275001525879,110.75,7418800,110.161033630371
"2020-01-03",109.48999786377,110.419998168945,108.76000213623,108.76000213623,7098300,108.181617736816
"2020-01-06",107.569999694824,110.220001220703,107.440002441406,110.169998168945,6764500,109.584114074707
"2020-01-07",111.5,111.559997558594,109.529998779297,109.669998168945,6898700,109.086769104004
"2020-01-08",110.400001525879,112.639999389648,109.819999694824,111.819999694824,8293600,111.225341796875
"2020-01-09",112.98999786377,113.559997558594,111.589996337891,112.569999694824,5944700,111.97135925293
"2020-01-10",113.639999389648,113.709999084473,112.269996643066,112.930000305176,6965100,112.329437255859
"2020-01-13",113.980003356934,115.879997253418,113.860000610352,115.279998779297,9652500,114.666938781738
"2020-01-14",115.514999389648,115.589996337891,114.120002746582,114.639999389648,7182000,114.030342102051
"2020-01-15",115.139999389648,115.949996948242,114.610000610352,114.849998474121,5955200,114.239227294922
"2020-01-16",115.919998168945,116,114.849998474121,115.400001525879,4770900,114.78630065918
"2020-01-17",116.449996948242,116.699996948242,115.470001220703,116.040000915527,9730400,115.422904968262
"2020-01-21",115.309997558594,116.389999389648,115.110000610352,116.150001525879,8746200,115.53231048584
"2020-01-22",116.730003356934,117.449996948242,115.470001220703,115.5,5305300,114.885772705078
"2020-01-23",117.400001525879,117.940002441406,115.800003051758,117.889999389648,8533900,117.263061523438
"2020-01-24",118.449996948242,119.599998474121,116.51000213623,116.980003356934,7124000,116.357902526855
"2020-01-27",113.629997253418,115.980003356934,112.309997558594,115.23999786377,7002300,114.627151489258
"2020-01-28",115.830001831055,117.209999084473,114.714996337891,116.519996643066,6433000,115.900337219238
"2020-01-29",117.470001220703,117.529998779297,115.160003662109,116.660003662109,9236800,116.039604187012
"2020-01-30",112.790000915527,117.199996948242,112.419998168945,117.120002746582,13653300,116.497161865234
"2020-01-31",116.75,117.319999694824,113.150001525879,113.889999389648,9467200,113.284339904785
"2020-02-03",114.300003051758,117.23999786377,114.050003051758,116.51000213623,8234700,115.890396118164
"2020-02-04",118.040000915527,120.339996337891,117.300003051758,120.080001831055,7396800,119.441413879395
"2020-02-05",121.199996948242,122.190002441406,118.890998840332,119.720001220703,7595300,119.08332824707
"2020-02-06",120.089996337891,120.599998474121,119.470001220703,119.889999389648,4020300,119.252426147461
"2020-02-07",119.599998474121,119.669998168945,118.410003662109,118.879997253418,4166300,118.24779510498
"2020-02-10",118.559997558594,120.150001525879,118.5,120.059997558594,4868000,119.421516418457
"2020-02-11",120.76000213623,121,118.400001525879,118.839996337891,4677400,118.2080078125
"2020-02-12",118.849998474121,119.910003662109,117.870002746582,118.559997558594,6482300,117.929496765137
"2020-02-13",118.040000915527,121.099998474121,117.800003051758,120.51000213623,6066300,119.869125366211
"2020-02-14",120.889999389648,123,120.800003051758,122.98999786377,5769900,122.3359375
"2020-02-18",122.580001831055,122.98999786377,121.680000305176,122.269996643066,5085700,121.619766235352
"2020-02-19",122.629997253418,124.449996948242,122.300003051758,123.910003662109,4878600,123.251045227051
"2020-02-20",123.860000610352,124.309997558594,120.400001525879,122.430000305176,7212900,121.778915405273
"2020-02-21",121.720001220703,121.849998474121,118.529998779297,119.48999786377,5894500,118.854553222656
"2020-02-24",114.290000915527,116.790000915527,113.519996643066,116.440002441406,10139300,115.820777893066
"2020-02-25",115.669998168945,116.415000915527,109.330001831055,109.660003662109,13636100,109.07682800293
"2020-02-26",109.809997558594,112.629997253418,108.599998474121,109.110000610352,10301800,108.529754638672
"2020-02-27",106.300003051758,112.050003051758,106.300003051758,107.839996337891,15461900,107.266502380371
"2020-02-28",104.26000213623,108.730003356934,103.720001220703,107.98999786377,17213100,107.415702819824
"2020-03-02",107.459999084473,113.050003051758,106.529998779297,112.860000610352,13367000,112.259811401367
"2020-03-03",112.819999694824,114.559997558594,108.26000213623,109.76000213623,11912300,109.176300048828
"2020-03-04",112.040000915527,115.389999389648,110.620002746582,115.300003051758,8245200,114.686836242676
"2020-03-05",112.029998779297,114.900001525879,111.23999786377,112.180000305176,7671500,111.583427429199
"2020-03-06",107.949996948242,111.569999694824,107.580001831055,110.889999389648,8524300,110.300285339355
"2020-03-09",102.720001220703,106.98999786377,99.7099990844727,101.629997253418,12458900,101.089530944824
"2020-03-10",105.300003051758,109.73999786377,103.169998168945,109.73999786377,11748500,109.156402587891
"2020-03-11",106.650001525879,107.75,101.980003356934,103.900001525879,10756400,103.347465515137
"2020-03-12",96.5599975585938,104.779998779297,94.5,96.9599990844727,20114400,96.4443664550781
"2020-03-13",100.519996643066,110.599998474121,99.7799987792969,110.150001525879,19170600,109.564224243164
"2020-03-16",94,103.154998779297,91.2300033569336,92.7200012207031,16204900,92.2269134521484
"2020-03-17",94.5,101.080001831055,90.5199966430664,97.870002746582,17969400,97.3495254516602
"2020-03-18",91.8550033569336,95.0999984741211,86.1500015258789,91.4599990844727,16073300,90.9736099243164
"2020-03-19",91.5599975585938,98.0599975585938,87.0400009155273,93.6900024414062,12181600,93.1917572021484
"2020-03-20",95.6399993896484,96.2300033569336,86.2099990844727,86.6800003051758,14874400,86.2190322875977
"2020-03-23",86.2900009155273,88.1500015258789,82.0699996948242,85.2600021362305,12969700,84.8065948486328
"2020-03-24",89.4000015258789,98,89.4000015258789,97.2900009155273,13936500,96.7726135253906
"2020-03-25",97.4300003051758,100.419998168945,95.2699966430664,95.7099990844727,11814400,95.2010116577148
"2020-03-26",96.3099975585938,100.930000305176,95.6350021362305,100.629997253418,9451200,100.094848632812
"2020-03-27",97,97.1050033569336,93.0599975585938,93.4800033569336,11312000,92.9828796386719
"2020-03-30",95.5,98.2600021362305,94.370002746582,97.0299987792969,8948600,96.5139923095703
"2020-03-31",96.379997253418,99.4309997558594,94.870002746582,95.7399978637695,9881400,95.2308502197266
"2020-04-01",92.7200012207031,94.6699981689453,90.379997253418,91.379997253418,9628400,90.8940353393555
"2020-04-02",91.0999984741211,94.6800003051758,90.9199981689453,93.5199966430664,7077200,93.0226516723633
"2020-04-03",92.7900009155273,92.9499969482422,89.879997253418,92.3899993896484,7699500,91.8986663818359
"2020-04-06",97.8000030517578,102.5,96.2600021362305,101.669998168945,11999000,101.129318237305
"2020-04-07",105.254997253418,106.230003356934,99.9000015258789,100.279998779297,10291500,99.746711730957
"2020-04-08",101.610000610352,105.504997253418,100.75,105.059997558594,9385900,104.501289367676
"2020-04-09",105.629997253418,108.699996948242,104.779998779297,105.839996337891,10894900,105.277137756348
"2020-04-13",104.849998474121,106.290000915527,102.339996337891,105.980003356934,7716200,105.416404724121
"2020-04-14",109,110.980003356934,107.930000305176,109.785003662109,8417900,109.201164245605
"2020-04-15",107.459999084473,109.089996337891,106.419998168945,107.949996948242,7821000,107.375915527344
"2020-04-16",109.5,109.525001525879,106.569999694824,108.309997558594,9575600,107.734001159668
"2020-04-17",110.300003051758,112.120002746582,110.054000854492,111.849998474121,11069800,111.255180358887
"2020-04-20",110.900001525879,114.300003051758,110.025001525879,112.169998168945,10730700,111.573471069336
"2020-04-21",111.120002746582,112.849998474121,107.410003662109,107.540000915527,11736600,106.968101501465
"2020-04-22",110.290000915527,116,109.910003662109,115.190002441406,12874300,114.577423095703
"2020-04-23",115.940002441406,118.38500213623,115,115.23999786377,7563200,114.627151489258
"2020-04-24",115.470001220703,120.470001220703,115.400001525879,120.180000305176,10677500,119.540885925293
"2020-04-27",121.25,122.387001037598,120.055000305176,120.529998779297,6678200,119.889015197754
"2020-04-28",121.660003662109,122,115.90299987793,116.139999389648,9192300,115.522361755371
"2020-04-29",119.300003051758,124.029998779297,118.644996643066,123.580001831055,9891500,122.922805786133
"2020-04-30",121.349998474121,123.449996948242,120.620002746582,123,7569800,122.345886230469
"2020-05-01",119.849998474121,122.699996948242,119.430000305176,120.610000610352,5613800,119.968597412109
"2020-05-04",121.26000213623,124.180000305176,120.309997558594,123.660003662109,7674400,123.002380371094
"2020-05-05",124.940002441406,127.940002441406,124.849998474121,125.430000305176,9241900,124.762962341309
"2020-05-06",127.050003051758,129.589996337891,126.120002746582,128.309997558594,14031200,127.627647399902
"2020-05-07",139.919998168945,147.199996948242,139.279998779297,146.289993286133,35487900,145.512023925781
"2020-05-08",143.25,146.399993896484,142.110000610352,144.960006713867,13159500,144.189117431641
"2020-05-11",142.960006713867,145.270004272461,142.179992675781,143.960006713867,10273400,143.194427490234
"2020-05-12",144,145.649993896484,140.910003662109,141.029998779297,9757600,140.279998779297
"2020-05-13",140.199996948242,145.100006103516,139.610000610352,143.729995727539,11142600,142.965637207031
"2020-05-14",142.070007324219,144.699996948242,141.429992675781,144.410003662109,9272900,143.642028808594
"2020-05-15",142.899993896484,145.889999389648,141.630004882812,145.509994506836,8361200,144.736175537109
"2020-05-18",148.125,149.179992675781,145.990005493164,146.240005493164,8576400,145.462295532227
"2020-05-19",146.75,149.720001220703,145.220001220703,145.389999389648,7779100,144.616821289062
"2020-05-20",148,151.080001831055,147.899993896484,150.940002441406,7811300,150.137298583984
"2020-05-21",150.580001831055,150.740005493164,148.039993286133,148.220001220703,5612700,147.431762695312
"2020-05-22",148.259994506836,151,147.360000610352,150.860000610352,5724100,150.057723999023
"2020-05-26",154.119995117188,154.550003051758,146.289993286133,147,10267500,146.21826171875
"2020-05-27",145.479995727539,146.399993896484,140.020004272461,145.960006713867,9554800,145.183792114258
"2020-05-28",144.729995727539,151.945007324219,144.509994506836,148.789993286133,10026700,147.998733520508
"2020-05-29",150.5,155.330001831055,148.929992675781,155.009994506836,9861900,154.185653686523
"2020-06-01",154.899993896484,155.970001220703,153.050003051758,154.529998779297,5658300,153.708206176758
"2020-06-02",156,157.600006103516,154.610000610352,157.490005493164,6344400,156.652481079102
"2020-06-03",157.490005493164,158.27099609375,155.119995117188,156.779998779297,6732800,155.946243286133
"2020-06-04",156.699996948242,159.479995727539,153.634994506836,154.600006103516,7554500,153.777847290039
"2020-06-05",152.979995727539,156.339996337891,150,156,8446100,155.170394897461
"2020-06-08",154.279998779297,156.210006713867,153.110000610352,156.089996337891,5494400,155.259918212891
"2020-06-09",155.789993286133,158.210006713867,155.595001220703,156.860000610352,7265600,156.025817871094
"2020-06-10",157.600006103516,160.889999389648,157.600006103516,159.910003662109,5881800,159.059600830078
"2020-06-11",158.339996337891,159.5,152.914993286133,153.039993286133,9041700,152.226135253906
"2020-06-12",157.059997558594,157.210006713867,151.889999389648,155.259994506836,7038100,154.434326171875
"2020-06-15",152.630004882812,157.919998168945,152.220001220703,157.550003051758,5115000,156.712158203125
"2020-06-16",160.190002441406,162.830001831055,158.300003051758,161.220001220703,6537300,160.36262512207
"2020-06-17",162.839996337891,164.960006713867,161.660003662109,163.830001831055,5582600,162.958755493164
"2020-06-18",164.720001220703,168.830001831055,164.309997558594,168.050003051758,8583700,167.156311035156
"2020-06-19",170.600006103516,171.119995117188,164.009994506836,164.360000610352,11332700,163.485946655273
"2020-06-22",165.580001831055,170.899993896484,165.550003051758,170.259994506836,7793800,169.354553222656
"2020-06-23",172,175.399993896484,170.399993896484,172.789993286133,7693900,171.87109375
"2020-06-24",170.595001220703,173.479995727539,164.289993286133,168,8931800,167.106567382812
"2020-06-25",169,172.779998779297,168.190002441406,172.5,6650700,171.582641601562
"2020-06-26",173.710006713867,173.710006713867,168.600006103516,170.869995117188,8158700,169.961318969727
"2020-06-29",171.479995727539,171.479995727539,165.559997558594,168.350006103516,5423700,167.454727172852
"2020-06-30",170.699996948242,174.690002441406,169.410003662109,174.229995727539,6831900,173.303451538086
"2020-07-01",174.625,178.235000610352,172.559997558594,177.429992675781,6869600,176.486419677734
"2020-07-02",179.690002441406,179.800003051758,176.720001220703,177.210006713867,5943600,176.267593383789
"2020-07-06",180.289993286133,181.240005493164,174.460006713867,176.179992675781,8348300,175.243072509766
"2020-07-07",177.690002441406,179.949996948242,176.309997558594,177.279998779297,5529400,176.33723449707
"2020-07-08",178.889999389648,182.639999389648,178.5,181.570007324219,7233500,180.604415893555
"2020-07-09",183.399993896484,183.990005493164,179.149993896484,183.229995727539,6340000,182.255569458008
"2020-07-10",181.630004882812,182.520004272461,177.130004882812,178.399993896484,7583200,177.451263427734
"2020-07-13",180.419998168945,180.660003662109,170.740005493164,171.509994506836,10234800,170.597900390625
"2020-07-14",168.75,172.600006103516,164.330001831055,172.300003051758,10624500,171.383712768555
"2020-07-15",172.990005493164,173.360000610352,169.009994506836,172.059997558594,6659700,171.144989013672
"2020-07-16",169.899993896484,171.339996337891,166.5,169.809997558594,6630600,168.906951904297
"2020-07-17",171.5,174.559997558594,169.539993286133,173.919998168945,7354000,172.995101928711
"2020-07-20",174.649993896484,179.639999389648,172.679992675781,178.820007324219,6025000,177.869049072266
"2020-07-21",179.25,179.460006713867,174.320007324219,175.580001831055,5698400,174.646270751953
"2020-07-22",176.160003662109,179.490005493164,175.729995727539,178.419998168945,4669000,177.471160888672
"2020-07-23",178.149993896484,180.75,171.940002441406,173.860000610352,6999600,172.935424804688
"2020-07-24",171.080001831055,173.600006103516,169.080001831055,172.559997558594,6256100,171.642318725586
"2020-07-27",173.919998168945,178.460006713867,172.389999389648,177.979995727539,6868800,177.033493041992
"2020-07-28",178.009994506836,179.580001831055,176.009994506836,176.270004272461,6125700,175.332595825195
"2020-07-29",178.449996948242,185.440002441406,178.270004272461,184.600006103516,15436600,183.618301391602
"2020-07-30",191.809997558594,198.660003662109,189.130996704102,192.509994506836,16803600,191.486236572266
"2020-07-31",193.050003051758,196.350006103516,191.690002441406,196.070007324219,10863400,195.027313232422
"2020-08-03",198.25,199.399993896484,195.220001220703,197.070007324219,7958700,196.021987915039
"2020-08-04",196.350006103516,199.100006103516,195.52099609375,197.330001831055,5771600,196.28059387207
"2020-08-05",199,204.229995727539,198.089996337891,202.910003662109,7565800,201.830932617188
"2020-08-06",202,204.160003662109,198.880004882812,204.089996337891,5821400,203.004638671875
"2020-08-07",203.710006713867,203.95100402832,196.699996948242,198.630004882812,6525300,197.573699951172
"2020-08-10",198.699996948242,199.850006103516,191.690002441406,193.320007324219,8792200,192.291931152344
"2020-08-11",192,193.535003662109,186.520004272461,189.029998779297,9155300,188.024749755859
"2020-08-12",190,192.509994506836,189.399993896484,191.320007324219,7936600,190.302581787109
"2020-08-13",192.100006103516,195.130004882812,191.479995727539,193.070007324219,10082400,192.043258666992
"2020-08-14",195.190002441406,195.468994140625,190.509994506836,191.460006713867,4848000,190.441818237305
"2020-08-17",193.919998168945,197.419998168945,193.25,196.289993286133,6279300,195.246124267578
"2020-08-18",197.729995727539,198.75,194,194.570007324219,5362500,193.535278320312
"2020-08-19",195.059997558594,196.839996337891,191.919998168945,192.440002441406,6865300,191.416610717773
"2020-08-20",192.059997558594,198.699996948242,191.509994506836,198.179992675781,6773000,197.126083374023
"2020-08-21",197.929992675781,199.100006103516,196.220001220703,196.789993286133,6092500,195.743469238281
"2020-08-24",200,201.098999023438,196.570007324219,198.880004882812,5404100,197.822357177734
"2020-08-25",198.490005493164,201.960006713867,196.240005493164,201.669998168945,5108200,200.597518920898
"2020-08-26",202.529998779297,205.350006103516,200.25,203.479995727539,6072200,202.397903442383
"2020-08-27",206.809997558594,207,202.300003051758,204.339996337891,6051900,203.253326416016
"2020-08-28",205.416000366211,205.416000366211,202.419998168945,204.479995727539,4580300,203.392562866211
"2020-08-31",203.699996948242,205.251998901367,202.298004150391,204.139999389648,5628700,203.054382324219
"2020-09-01",205.589996337891,209.880004882812,205.145004272461,208.929992675781,6234600,207.818908691406
"2020-09-02",211.621994018555,212.449996948242,204.600006103516,210.820007324219,7219500,209.698867797852
"2020-09-03",205.690002441406,206.589996337891,194.949996948242,204.990005493164,16006900,203.899871826172
"2020-09-04",200.985000610352,201.839996337891,182.850006103516,191.839996337891,17034100,190.819793701172
"2020-09-08",184.699996948242,191.75,184.699996948242,185.949996948242,9282400,184.96110534668
"2020-09-09",191,195.75,187.300003051758,194.600006103516,8542000,193.565124511719
"2020-09-10",196.089996337891,198.220001220703,187.839996337891,190.089996337891,6580700,189.079086303711
"2020-09-11",191.462005615234,192.100006103516,180.929992675781,184,8110400,183.021484375
"2020-09-14",186,188.600006103516,184.380004882812,186.960006713867,7053100,185.965759277344
"2020-09-15",190.050003051758,190.449996948242,184.179992675781,186.020004272461,7763400,185.03076171875
"2020-09-16",187.095001220703,189.339996337891,180.669998168945,180.910003662109,8170100,179.94792175293
"2020-09-17",176.630004882812,178.740005493164,173.789993286133,175.789993286133,11840100,174.85514831543
"2020-09-18",176.699996948242,178.25,171.630004882812,176.070007324219,13557200,175.133666992188
"2020-09-21",174.839996337891,183.449996948242,174.080001831055,183.210006713867,13765600,182.235687255859
"2020-09-22",186.789993286133,188.059997558594,182.184997558594,187.779998779297,8939300,186.781387329102
"2020-09-23",188.389999389648,188.470001220703,181.100006103516,181.610000610352,6782400,180.644195556641
"2020-09-24",180.169998168945,184.899993896484,179.600006103516,182.190002441406,7374500,181.221130371094
"2020-09-25",182.399993896484,187.919998168945,180.130004882812,187.25,7606500,186.254211425781
"2020-09-28",191,192.470001220703,188.089996337891,192.020004272461,7590600,190.998840332031
"2020-09-29",192.639999389648,195.779998779297,191.110000610352,194.5,6732600,193.46565246582
"2020-09-30",194.059997558594,198.720001220703,193.311004638672,197.029998779297,7939600,195.982192993164
"2020-10-01",199.259994506836,201.270004272461,196.220993041992,196.940002441406,7268900,195.892669677734
"2020-10-02",192.729995727539,196.210006713867,189.25,191.910003662109,6546400,190.889419555664
"2020-10-05",193.550003051758,196.910003662109,192.160003662109,196.850006103516,5024100,195.803161621094
"2020-10-06",196.130004882812,197.369995117188,190.880004882812,191.660003662109,5921800,190.640747070312
"2020-10-07",193.910003662109,195.710006713867,193.330001831055,194.610000610352,4228700,193.575057983398
"2020-10-08",196.75,196.869995117188,192.669998168945,193.059997558594,5582600,192.033309936523
"2020-10-09",194.360000610352,197.350006103516,192.600006103516,197.270004272461,7082400,196.220916748047
"2020-10-12",199.869995117188,204.080001831055,196.63200378418,201.509994506836,10603200,200.438354492188
"2020-10-13",202.440002441406,209.020004272461,200.110000610352,207.740005493164,8145300,206.63525390625
"2020-10-14",208.203994750977,208.947998046875,200.5,203.600006103516,8588100,202.51725769043
"2020-10-15",199.990005493164,203.479995727539,198.128005981445,203.139999389648,7626700,202.059707641602
"2020-10-16",204.440002441406,207.470001220703,202.220001220703,204.449996948242,9662200,203.362731933594
"2020-10-19",205.520004272461,207.229995727539,199.100006103516,200.059997558594,6566700,198.996078491211
"2020-10-20",201.139999389648,205.470001220703,200.309997558594,201.960006713867,4867700,200.885986328125
"2020-10-21",208.300003051758,215.830001831055,206.020004272461,213.070007324219,17247200,211.936904907227
"2020-10-22",211.899993896484,212.339996337891,202.139999389648,203.929992675781,12398300,202.845504760742
"2020-10-23",206.240005493164,206.240005493164,201.210006713867,203.039993286133,6644700,201.960220336914
"2020-10-26",200.660003662109,203.889999389648,195.050003051758,197.220001220703,7716000,196.171188354492
"2020-10-27",198.789993286133,201.320007324219,197.720001220703,200.429992675781,4754400,199.364120483398
"2020-10-28",196.960006713867,198.389999389648,191.5,192.309997558594,8050000,191.287292480469
"2020-10-29",194.080001831055,197.589996337891,192.309997558594,195.039993286133,7627100,194.00276184082
"2020-10-30",193.289993286133,195.330001831055,182.919998168945,186.130004882812,12029700,185.140167236328
"2020-11-02",189.009994506836,192.705001831055,185.050003051758,187.759994506836,14386000,186.761489868164
"2020-11-03",177.940002441406,188.75,174.809997558594,179.809997558594,31656000,178.853759765625
"2020-11-04",186.759994506836,195,184.110000610352,194.289993286133,16107000,193.256759643555
"2020-11-05",202.300003051758,204.919998168945,199.369995117188,204.559997558594,15188500,203.472137451172
"2020-11-06",204.600006103516,204.919998168945,198.550003051758,202.729995727539,8075100,201.651885986328
"2020-11-09",195.740005493164,196.070007324219,184.440002441406,184.720001220703,18986400,183.737655639648
"2020-11-10",184.979995727539,186.710006713867,178.600006103516,183.360000610352,13144300,182.384902954102
"2020-11-11",187.498001098633,193.100006103516,186.399993896484,192.339996337891,9151700,191.317123413086
"2020-11-12",193.949996948242,194.899993896484,188.429992675781,189.100006103516,7096100,188.094375610352
"2020-11-13",191.106994628906,191.729995727539,186.850006103516,188.619995117188,6017200,187.616912841797
"2020-11-16",185.190002441406,192.380004882812,183.539993286133,191.940002441406,10127800,190.91926574707
"2020-11-17",192.130004882812,194.630004882812,190.630004882812,192.300003051758,6448800,191.27734375
"2020-11-18",192.589996337891,192.949996948242,189.539993286133,190.119995117188,8095400,189.108932495117
"2020-11-19",190.820007324219,192.75,189.570007324219,190.899993896484,9391500,189.884780883789
"2020-11-20",192.470001220703,194.729995727539,190.960006713867,192.669998168945,11514100,191.645370483398
"2020-11-23",194.529998779297,202.160003662109,193.919998168945,200.820007324219,12020000,199.752059936523
"2020-11-24",204,207.078994750977,198.860000610352,206,14781600,204.904495239258
"2020-11-25",206.289993286133,216.070007324219,206.229995727539,214.460006713867,13817500,213.31950378418
"2020-11-27",213.199996948242,213.839996337891,208.619995117188,211.389999389648,5363200,210.265823364258
"2020-11-30",212.509994506836,215.830001831055,207.089996337891,214.119995117188,12976100,212.981307983398
"2020-12-01",217.149993896484,220.570007324219,214.339996337891,216.539993286133,10137400,215.388427734375
"2020-12-02",215.600006103516,215.75,210.5,212.559997558594,7537400,211.429595947266
"2020-12-03",213.330001831055,216.929992675781,213.110000610352,214.539993286133,7645200,213.399078369141
"2020-12-04",214.880004882812,218.552993774414,213.009994506836,217.770004272461,6214600,216.611907958984
"2020-12-07",217.389999389648,219.320007324219,216.309997558594,217.929992675781,5363400,216.771041870117
"2020-12-08",216.324996948242,218.720001220703,215.570007324219,216.940002441406,5419600,215.786315917969
"2020-12-09",217,218.940002441406,209.25,210.800003051758,7807500,209.678970336914
"2020-12-10",208.360000610352,216.229995727539,206.649993896484,215.339996337891,6556800,214.19482421875
"2020-12-11",213.389999389648,215,210.419998168945,214.059997558594,4283400,212.921615600586
"2020-12-14",215.949996948242,223.160003662109,215,220.789993286133,9759400,219.615829467773
"2020-12-15",221.929992675781,222.309997558594,217.119995117188,221.600006103516,6508100,220.421539306641
"2020-12-16",224.800003051758,231.149993896484,224.610000610352,230.199996948242,10110000,228.975799560547
"2020-12-17",234.509994506836,238.100006103516,232.399993896484,235.509994506836,8914100,234.257553100586
"2020-12-18",236.660003662109,237.169998168945,232.279998779297,236.449996948242,11534700,235.19255065918
"2020-12-21",232.619995117188,239.751007080078,232.20100402832,237.720001220703,8156000,236.455810546875
"2020-12-22",240.164993286133,243.679992675781,238.089996337891,243.490005493164,6331700,242.195129394531
"2020-12-23",243.600006103516,244.25,238.330001831055,239.440002441406,6421300,238.166656494141
"2020-12-24",240.360000610352,242.119995117188,238.089996337891,238.639999389648,3053800,237.370910644531
"2020-12-28",243.5,243.5,235.25,235.729995727539,7079500,234.476379394531
"2020-12-29",236,236.25,229.679992675781,231.029998779297,8316100,229.801376342773
"2020-12-30",232.190002441406,233.839996337891,230.020004272461,231.509994506836,6017600,230.278823852539
"2020-12-31",232,234.690002441406,229.690002441406,234.199996948242,5002700,232.954513549805
"2021-01-04",237.800003051758,237.996994018555,227.535003662109,231.919998168945,8148700,230.686645507812
"2021-01-05",230.470001220703,235.639999389648,229.800003051758,234.910003662109,5047800,233.660751342773
"2021-01-06",228.940002441406,232.490005493164,225.701995849609,226.830001831055,9211700,225.623718261719
"2021-01-07",229.460006713867,235.600006103516,229.220001220703,235.039993286133,7107900,233.790054321289
"2021-01-08",237.429992675781,242.910003662109,236.069000244141,242.460006713867,6767700,241.170608520508
"2021-01-11",238.039993286133,240.839996337891,234.089996337891,237.5,5073100,236.236968994141
"2021-01-12",237.619995117188,238.800003051758,233.830001831055,237.639999389648,4136600,236.376220703125
"2021-01-13",236.570007324219,247.440002441406,236.539993286133,244.899993896484,7354900,243.597625732422
"2021-01-14",246.869995117188,249.850006103516,241.539993286133,242.059997558594,6976700,240.772720336914
"2021-01-15",242.25,244.563003540039,235.033996582031,239.789993286133,8373300,238.514785766602
"2021-01-19",243.300003051758,248.740005493164,241,247.25,7436800,245.935134887695
"2021-01-20",248.850006103516,249.649993896484,244.139999389648,244.259994506836,5803200,242.961029052734
"2021-01-21",246.669998168945,250.369995117188,243.580001831055,248.639999389648,10336600,247.317718505859
"2021-01-22",246.649993896484,254.389999389648,246.199996948242,252,7800500,250.659866333008
"2021-01-25",253.800003051758,254.389999389648,242.220001220703,247.75,8499400,246.432464599609
"2021-01-26",246.899993896484,248.759994506836,240.029998779297,241,7883000,239.718353271484
"2021-01-27",234.699996948242,235.399993896484,225,229.940002441406,11787000,228.717178344727
"2021-01-28",235,241.554992675781,232.210006713867,237.789993286133,8295500,236.525421142578
"2021-01-29",238.649993896484,240.869995117188,232.660003662109,234.309997558594,9805800,233.063934326172
"2021-02-01",238.369995117188,244.139999389648,235.399993896484,241.850006103516,7788200,240.563858032227
"2021-02-02",243.610000610352,250.190002441406,240.529998779297,249.100006103516,7082800,247.775299072266
"2021-02-03",253.960006713867,254.315002441406,247.389999389648,251.899993896484,13545700,250.560394287109
"2021-02-04",265.339996337891,274.940002441406,260.850006103516,270.429992675781,23840900,268.991851806641
"2021-02-05",268.609985351562,270,264.709991455078,269.440002441406,7978600,268.007141113281
"2021-02-08",276.880004882812,282.699005126953,274.623992919922,282.170013427734,10065500,280.66943359375
"2021-02-09",280.380004882812,286.890014648438,276.510009765625,284.200012207031,8697000,282.688629150391
"2021-02-10",285.100006103516,286.079986572266,278.401000976562,283.179992675781,9364500,281.674041748047
"2021-02-11",287.329986572266,302.100006103516,281.600006103516,285.029998779297,21371100,283.514221191406
"2021-02-12",292.640014648438,299.339996337891,289.320007324219,298.369995117188,11882200,296.783264160156
"2021-02-16",306.399993896484,309.140014648438,298.179992675781,304.790008544922,13597700,303.169128417969
"2021-02-17",297.630004882812,301.5,290.559997558594,297.200012207031,9879800,295.619506835938
"2021-02-18",291.130004882812,292.970001220703,285.029998779297,290.809997558594,9715500,289.263488769531
"2021-02-19",292.119995117188,293.940002441406,285.459991455078,286.920013427734,9413800,285.394195556641
"2021-02-22",281.420013427734,285,273.290008544922,273.850006103516,13132500,272.393646240234
"2021-02-23",259.690002441406,267.25,252.559997558594,265,20440300,263.590728759766
"2021-02-24",266.105010986328,268.665985107422,259.100006103516,266.070007324219,10840000,264.655029296875
"2021-02-25",262.760009765625,266,251.419998168945,253.940002441406,13403300,252.589538574219
"2021-02-26",257.450012207031,261.859985351562,253.113998413086,259.850006103516,11915200,258.468139648438
"2021-03-01",268.894989013672,274.540008544922,265.720001220703,273.630004882812,10558500,272.174835205078
"2021-03-02",275.959991455078,277.5,268.910003662109,269.190002441406,8484900,267.758453369141
"2021-03-03",265.019989013672,267.660003662109,253.25,255.059997558594,10841800,253.703582763672
"2021-03-04",251.759994506836,254.800003051758,232.270004272461,239.070007324219,18878800,237.798629760742
"2021-03-05",243.119995117188,243.748001098633,223.089996337891,239.050003051758,16830200,237.778732299805
"2021-03-08",239,241.330001831055,225.649993896484,226.089996337891,13340300,224.887649536133
"2021-03-09",240.979995727539,244.440002441406,236.039993286133,241.759994506836,12071200,240.474304199219
"2021-03-10",249.309997558594,249.960006713867,241.270004272461,242.070007324219,9508000,240.782684326172
"2021-03-11",247.119995117188,254.919998168945,246.529998779297,253.830001831055,9234200,252.480133056641
"2021-03-12",249.490005493164,251.548004150391,244.302993774414,250.350006103516,7609700,249.018646240234
"2021-03-15",251.417999267578,252,246.789993286133,249.979995727539,7052100,248.650604248047
"2021-03-16",253.419998168945,254.779998779297,247.550003051758,249.309997558594,7370400,247.984161376953
"2021-03-17",245.839996337891,254.460998535156,242.899993896484,251.470001220703,6340100,250.132690429688
"2021-03-18",246.460006713867,247.270004272461,237.800003051758,238.410003662109,9318900,237.142150878906
"2021-03-19",239.630004882812,243.149993896484,237.130004882812,241.279998779297,10555100,239.996871948242
"2021-03-22",242.029998779297,246.949996948242,240.850006103516,244.384994506836,5790200,243.085357666016
"2021-03-23",245.550003051758,246.839996337891,242.25,243.770004272461,5093200,242.473648071289
"2021-03-24",244.490005493164,244.970001220703,233.759994506836,234.270004272461,6097300,233.024169921875
"2021-03-25",232.630004882812,235.339996337891,227.520004272461,234.240005493164,8846600,232.994323730469
"2021-03-26",233.619003295898,241.309997558594,232.300003051758,241.029998779297,8217600,239.748199462891
"2021-03-29",241.580001831055,243.199996948242,233.610000610352,235.669998168945,7510900,234.416702270508
"2021-03-30",236.880004882812,238.360000610352,232.630004882812,236.539993286133,6242000,235.282073974609
"2021-03-31",238.110000610352,245.229995727539,237.270004272461,242.839996337891,7633400,241.548568725586
"2021-04-01",248.039993286133,252.649002075195,246.039993286133,247.539993286133,6990100,246.223587036133
"2021-04-05",250.509994506836,251.759994506836,245.699996948242,251.020004272461,5744400,249.685089111328
"2021-04-06",251.649993896484,255,249.5,253.190002441406,5580400,251.843536376953
"2021-04-07",253.074996948242,259.220001220703,251.070007324219,255.600006103516,7243200,254.24072265625
"2021-04-08",260.160003662109,265,258.170013427734,264.5,9059100,263.093383789062
"2021-04-09",262.980010986328,266.940002441406,261.380004882812,266.769989013672,6689700,265.351318359375
"2021-04-12",265.390014648438,270.329986572266,262.589996337891,269.029998779297,6681200,267.599304199219
"2021-04-13",271.266998291016,276.869995117188,271,275.429992675781,7284400,273.965240478516
"2021-04-14",275.839996337891,277.859985351562,266.200012207031,267.209991455078,8507200,265.788970947266
"2021-04-15",271.359985351562,276.119995117188,270.160003662109,274,7542800,272.542877197266
"2021-04-16",273.160003662109,274.149993896484,268.589996337891,269.869995117188,6061600,268.434814453125
"2021-04-19",267.130004882812,268.5,263.899993896484,267.910003662109,5258200,266.485260009766
"2021-04-20",269.619995117188,272.579986572266,262.239990234375,264.429992675781,6208400,263.023742675781
"2021-04-21",261.410003662109,266,259.269989013672,264.890014648438,4669100,263.481353759766
"2021-04-22",265.130004882812,268.160003662109,259.399993896484,262.269989013672,5983200,260.875244140625
"2021-04-23",260.970001220703,267.790008544922,260.970001220703,266.029998779297,6297500,264.615234375
"2021-04-26",266.660003662109,271.75,265.920013427734,271.720001220703,5327800,270.274993896484
"2021-04-27",272.049987792969,273.820007324219,268.029998779297,268.820007324219,4296200,267.390441894531
"2021-04-28",268.757995605469,275.25,267.170013427734,271.089996337891,5530300,269.648345947266
"2021-04-29",273.260009765625,273.869995117188,263.529998779297,267.850006103516,5663700,266.425567626953
"2021-04-30",265,266.149993896484,261.600006103516,262.290008544922,6594500,260.895141601562
"2021-05-03",265.059997558594,265.799987792969,256.179992675781,259.089996337891,7522000,257.712158203125
"2021-05-04",255.729995727539,256.799987792969,246.649993896484,250.160003662109,9217300,248.829650878906
"2021-05-05",254.919998168945,254.919998168945,246.244995117188,247.399993896484,9507300,246.084320068359
"2021-05-06",256,256.308990478516,245.110000610352,252.020004272461,17998700,250.679763793945
"2021-05-07",255.919998168945,258.640014648438,251.639999389648,253.360000610352,10170000,252.012634277344
"2021-05-10",252.014999389648,252.410003662109,243.449996948242,243.630004882812,8909200,242.334381103516
"2021-05-11",235,250.554992675781,233.610000610352,248.600006103516,9258200,247.277954101562
"2021-05-12",240.589004516602,246.5,238.820007324219,239.910003662109,8649800,238.634155273438
"2021-05-13",241.919998168945,245.679992675781,237.800003051758,240.800003051758,7274000,239.519439697266
"2021-05-14",244.018997192383,247.119995117188,242.270004272461,246.289993286133,6729700,244.980224609375
"2021-05-17",245.149993896484,246.240005493164,240.600006103516,244.360000610352,5185100,243.060485839844
"2021-05-18",243.5,247.434997558594,242.654998779297,243.210006713867,4726800,241.916610717773
"2021-05-19",235.860000610352,245.339996337891,235.110000610352,244.630004882812,7210500,243.329071044922
"2021-05-20",246.990005493164,252.929992675781,245.350006103516,251.539993286133,8112900,250.202301025391
"2021-05-21",253.800994873047,255.210006713867,250.410003662109,250.690002441406,6842200,249.356842041016
"2021-05-24",254.130004882812,257.600006103516,252.429992675781,257.170013427734,6370100,255.802383422852
"2021-05-25",258.5,260.369995117188,257.279998779297,258.649993896484,6048100,257.274475097656
"2021-05-26",259.779998779297,262.320007324219,259.160003662109,261.369995117188,5405300,259.980041503906
"2021-05-27",259.859985351562,260.640014648438,256.279998779297,259.470001220703,7051200,258.090118408203
"2021-05-28",261.070007324219,263.149993896484,259.869995117188,260.019989013672,4281800,258.63720703125
"2021-06-01",261.079986572266,263.420013427734,256.519989013672,259.269989013672,5869600,257.891174316406
"2021-06-02",260.480010986328,264.779998779297,259.579986572266,262.170013427734,6801800,260.775787353516
"2021-06-03",258.399993896484,260.980010986328,256.149993896484,257.790008544922,4947100,256.419067382812
"2021-06-04",259.514007568359,263.459991455078,259.149993896484,263.040008544922,4086100,261.641143798828
"2021-06-07",262.480010986328,262.940002441406,260.190002441406,260.600006103516,3979800,259.214141845703
"2021-06-08",261.574005126953,264.549987792969,260.565002441406,263.149993896484,4427000,261.750549316406
"2021-06-09",265,268.199005126953,263.260009765625,263.600006103516,4653000,262.198181152344
"2021-06-10",263.070007324219,269.649993896484,261.690002441406,269.470001220703,6055700,268.036956787109
"2021-06-11",268.75,271.899993896484,268.399993896484,271.450012207031,4494600,270.006439208984
"2021-06-14",271.899993896484,274.970001220703,270.600006103516,274.929992675781,5174200,273.467926025391
"2021-06-15",274.730010986328,274.730010986328,270.679992675781,271.890014648438,5371100,270.444122314453
"2021-06-16",271.450012207031,275.160003662109,265.309997558594,268.820007324219,6874600,267.390441894531
"2021-06-17",268.5,279.372009277344,268.459991455078,278.109985351562,8071100,276.631011962891
"2021-06-18",275.299987792969,286.380004882812,274.859985351562,283.380004882812,14713400,281.872985839844
"2021-06-21",283.278991699219,284.304992675781,276.725006103516,283.100006103516,7287800,281.594482421875
"2021-06-22",281.700012207031,287.459991455078,280.220001220703,286.75,6049400,285.225067138672
"2021-06-23",285.940002441406,288.549987792969,284.779998779297,288.119995117188,4966700,286.587768554688
"2021-06-24",290.179992675781,296.010009765625,289.640014648438,293.209991455078,7160300,291.650695800781
"2021-06-25",292.600006103516,292.869995117188,287.799987792969,289.600006103516,6616900,288.059906005859
"2021-06-28",290.850006103516,294.260009765625,289.779998779297,293.649993896484,5058600,292.088348388672
"2021-06-29",292.970001220703,295.179992675781,291.529998779297,292.760009765625,4333200,291.203094482422
"2021-06-30",291.529998779297,292.700012207031,289.510009765625,291.480010986328,4236000,289.929931640625
"2021-07-01",290.329986572266,291.899993896484,285.760009765625,289,5647400,287.463073730469
"2021-07-02",290.940002441406,292.429992675781,288.920013427734,290.239990234375,4169400,288.696502685547
"2021-07-06",290.035003662109,294.526000976562,289.519989013672,292.640014648438,5043500,291.083740234375
"2021-07-07",294.899993896484,299.308990478516,291.910003662109,297.130004882812,6713900,295.549865722656
"2021-07-08",292.100006103516,295.864990234375,289.459991455078,295.049987792969,5912000,293.480895996094
"2021-07-09",296.410003662109,300.829986572266,295,300.209991455078,5543300,298.613464355469
"2021-07-12",302.369995117188,303.5,298.559997558594,302.970001220703,5456000,301.358825683594
"2021-07-13",302.190002441406,307.820007324219,298.75,301.190002441406,7235000,299.588256835938
"2021-07-14",303.010009765625,304.809997558594,299.329986572266,300.75,4848200,299.150604248047
"2021-07-15",300.859985351562,301.179992675781,294.140014648438,296.510009765625,4943500,294.933166503906
"2021-07-16",297.230010986328,298.75,294.440002441406,294.630004882812,4268900,293.063171386719
"2021-07-19",292.350006103516,295.069000244141,288.809997558594,294.850006103516,5681500,293.281982421875
"2021-07-20",295.515014648438,300.029998779297,291.570007324219,298.070007324219,5424100,296.48486328125
"2021-07-21",296.489990234375,301.829986572266,296.200012207031,301.769989013672,5497100,300.165161132812
"2021-07-22",302.02099609375,304.570007324219,301.869995117188,303.690002441406,3601500,302.074981689453
"2021-07-23",305.760009765625,309.475006103516,304.200012207031,308.529998779297,4231100,306.889221191406
"2021-07-26",309.660003662109,310.160003662109,305.230010986328,306.799987792969,3805900,305.168426513672
"2021-07-27",305.5,306.339996337891,294.890014648438,300.480010986328,6938400,298.882049560547
"2021-07-28",300.739990234375,302.429992675781,296.779998779297,301.980010986328,9185000,300.374084472656
"2021-07-29",285.369995117188,289,281.600006103516,283.170013427734,18237000,281.664123535156
"2021-07-30",280.244995117188,280.5,274.209991455078,275.529998779297,11693300,274.064727783203
"2021-08-02",276.885009765625,276.885009765625,270.429992675781,270.989990234375,10082800,269.548889160156
"2021-08-03",272.059997558594,274.540008544922,269.570007324219,273.5,8323000,272.045532226562
"2021-08-04",274.071014404297,276.092987060547,270.670013427734,275.5,6616900,274.034912109375
"2021-08-05",277.100006103516,280.959991455078,275.820007324219,280.670013427734,7354200,279.177398681641
"2021-08-06",280,282.369995117188,276.869995117188,279.540008544922,6086300,278.053405761719
"2021-08-09",280.220001220703,281.100006103516,277.459991455078,278.149993896484,3823000,276.670776367188
"2021-08-10",278.940002441406,280.489990234375,272.5,274.369995117188,6264100,272.910888671875
"2021-08-11",277.441986083984,278.234985351562,273.130004882812,276.410003662109,5785900,274.940063476562
"2021-08-12",274.25,276.804992675781,273.059997558594,274.589996337891,4509100,273.129730224609
"2021-08-13",276.170013427734,276.809997558594,274.609985351562,274.910003662109,4097200,273.448028564453
"2021-08-16",273.730010986328,279.190002441406,273.559997558594,278.279998779297,5283700,276.800109863281
"2021-08-17",275.25,275.545013427734,269.079986572266,271.100006103516,7966100,269.658294677734
"2021-08-18",271.010009765625,272.769989013672,268.480010986328,268.839996337891,4830900,267.410308837891
"2021-08-19",267.190002441406,272.010009765625,266.602996826172,270.579986572266,5119900,269.141052246094
"2021-08-20",269.540008544922,273.934997558594,269.540008544922,272.959991455078,4179500,271.508392333984
"2021-08-23",275.75,278.290008544922,273.019989013672,276.980010986328,5507500,275.507049560547
"2021-08-24",278.929992675781,279.579986572266,276.509002685547,279.510009765625,3542600,278.023590087891
"2021-08-25",279.816009521484,279.829986572266,276.769989013672,277.690002441406,4392600,276.213226318359
"2021-08-26",277.890014648438,278.679992675781,273.519989013672,273.619995117188,3626400,272.164886474609
"2021-08-27",274.029998779297,278.890014648438,273.670013427734,278.329986572266,3917000,276.849822998047
"2021-08-30",279.609985351562,290.406005859375,279.079986572266,288.470001220703,14631000,286.935943603516
"2021-08-31",290.929992675781,292.649993896484,284.339996337891,288.660003662109,8911800,287.124908447266
"2021-09-01",290.100006103516,290.899993896484,286.359985351562,286.75,5568300,285.225067138672
"2021-09-02",288.899993896484,288.899993896484,285.25,285.529998779297,4645500,284.011566162109
"2021-09-03",285.029998779297,290.380004882812,284.399993896484,289.130004882812,5285700,287.592407226562
"2021-09-07",290.410003662109,293.679992675781,288.040008544922,293.260009765625,6787500,291.700469970703
"2021-09-08",296.549987792969,296.700012207031,283.329986572266,285.230010986328,11039300,283.713134765625
"2021-09-09",287.450012207031,289.369995117188,285.079986572266,286.880004882812,4170000,285.354400634766
"2021-09-10",288.600006103516,289,284.109985351562,284.320007324219,3816600,282.807983398438
"2021-09-13",286.720001220703,287.190002441406,277.799987792969,280.489990234375,4836500,278.998352050781
"2021-09-14",281.843994140625,283.170013427734,279.709991455078,282.239990234375,4216700,280.739013671875
"2021-09-15",284.209991455078,285.75,279.5,282.429992675781,4056800,280.928039550781
"2021-09-16",281.040008544922,283.690002441406,280.390014648438,282.970001220703,3606700,281.465148925781
"2021-09-17",282.179992675781,282.5,275.920013427734,276.339996337891,8117200,274.870422363281
"2021-09-20",271.549987792969,273,265.679992675781,269.910003662109,7728300,268.474609375
"2021-09-21",271.75,272.299011230469,267.799987792969,269.489990234375,4326100,268.056854248047
"2021-09-22",270.459991455078,273.470001220703,266.5,272.339996337891,5574100,270.891693115234
"2021-09-23",274.450012207031,279.950012207031,273.779998779297,279.100006103516,5409600,277.615753173828
"2021-09-24",276.019989013672,278.329986572266,274.690002441406,278.109985351562,3985800,276.631011962891
"2021-09-27",274.779998779297,276.779998779297,272.186004638672,273.390014648438,4614900,271.936126708984
"2021-09-28",269.894989013672,271.440002441406,261.679992675781,262.190002441406,8352400,260.795684814453
"2021-09-29",263.510009765625,264.459991455078,256.890014648438,259,6829100,257.622650146484
"2021-09-30",259.649993896484,263.470001220703,258.730010986328,260.209991455078,5321700,258.826171875
"2021-10-01",261.454986572266,265.820007324219,260.109985351562,264.649993896484,4560400,263.242584228516
"2021-10-04",261.838012695312,262.570007324219,251.589996337891,255.009994506836,7267200,253.653854370117
"2021-10-05",255.220001220703,262.769989013672,253.589996337891,260.149993896484,6326600,258.766510009766
"2021-10-06",256.290008544922,264.390014648438,256.029998779297,264.059997558594,4615300,262.655731201172
"2021-10-07",265.950012207031,268.692993164062,263.070007324219,263.540008544922,5276400,262.138519287109
"2021-10-08",264.954986572266,265.470001220703,259.799987792969,260.059997558594,4095900,258.677001953125
"2021-10-11",257.929992675781,260.660003662109,254.690002441406,255.050003051758,5031700,253.693649291992
"2021-10-12",256,257.970001220703,253.779998779297,255.850006103516,4289300,254.489395141602
"2021-10-13",258.730010986328,261.239990234375,254.244995117188,256.359985351562,6024100,254.996673583984
"2021-10-14",261.5,267.410003662109,260.200012207031,266.450012207031,7850600,265.033050537109
"2021-10-15",268.700988769531,269.721008300781,265.440002441406,268.350006103516,5007900,266.922912597656
"2021-10-18",266.390014648438,270.440002441406,264.709991455078,270.329986572266,4367100,268.892364501953
"2021-10-19",271.010009765625,273.269989013672,269.834991455078,271.700012207031,3985900,270.255126953125
"2021-10-20",273,273.510009765625,253.100006103516,258.359985351562,31271700,256.986022949219
"2021-10-21",258.609985351562,258.959991455078,242.979995727539,243.210006713867,42508900,241.916610717773
"2021-10-22",243.729995727539,246.660003662109,239.75,240.399993896484,24170900,239.121551513672
"2021-10-25",254.955001831055,255.520004272461,245.820007324219,246.880004882812,23046700,245.567108154297
"2021-10-26",249.449996948242,249.880004882812,241.009994506836,243,14404300,241.707733154297
"2021-10-27",243.850006103516,244.690002441406,233.919998168945,234.940002441406,19043900,233.690582275391
"2021-10-28",237,237.940002441406,232.779998779297,236.830001831055,14288300,235.570541381836
"2021-10-29",235.429992675781,238.899993896484,231.710006713867,232.589996337891,13010800,231.353073120117
"2021-11-01",232.699996948242,233.550003051758,230.190002441406,231.279998779297,14054900,230.050048828125
"2021-11-02",232.539993286133,232.761001586914,227.800003051758,229.460006713867,12676700,228.23974609375
"2021-11-03",228.330001831055,230.899993896484,225.309997558594,230.380004882812,14178000,229.154846191406
"2021-11-04",231.610000610352,231.919998168945,225,228.220001220703,14158900,227.006332397461
"2021-11-05",230,230.419998168945,224.600006103516,225.779998779297,16665600,224.579299926758
"2021-11-08",227.960006713867,230.970001220703,226.25,229.419998168945,23213900,228.199951171875
"2021-11-09",212.399993896484,212.399993896484,200.679992675781,205.419998168945,63995100,204.327575683594
"2021-11-10",204.100006103516,208.199996948242,202.779998779297,204.639999389648,23585900,203.551727294922
"2021-11-11",207.919998168945,208.309997558594,201.559997558594,202.029998779297,17712100,200.955612182617
"2021-11-12",203.25,210.020004272461,201.483993530273,208.300003051758,20954600,207.192260742188
"2021-11-15",212.220001220703,214.208999633789,210.710006713867,212.539993286133,17433100,211.409698486328
"2021-11-16",214.889999389648,215.970001220703,211.770004272461,215.669998168945,16697500,214.523071289062
"2021-11-17",211.145004272461,213.970001220703,203.350006103516,206.270004272461,23095600,205.173065185547
"2021-11-18",206.990005493164,207.5,199.199996948242,200.5,19980100,199.433746337891
"2021-11-19",202.190002441406,202.5,193.070007324219,193.610000610352,24607500,192.580383300781
"2021-11-22",193.619995117188,193.899993896484,184.274993896484,189.479995727539,29956600,188.472351074219
"2021-11-23",189.154998779297,190.789993286133,185.199996948242,188.050003051758,20004500,187.049957275391
"2021-11-24",187,189.639999389648,184.740005493164,188.710006713867,13359100,187.706451416016
"2021-11-26",188.380004882812,193,186.830001831055,187.789993286133,11080400,186.791320800781
"2021-11-29",188.919998168945,189.899993896484,182.429992675781,187.240005493164,16308200,186.244262695312
"2021-11-30",186.470001220703,188.824996948242,180.5,184.889999389648,21144300,183.906753540039
"2021-12-01",187.770004272461,190.350006103516,179.149993896484,179.320007324219,19491300,178.36637878418
"2021-12-02",180.104995727539,188.800003051758,179.729995727539,187.149993896484,20422700,186.154739379883
"2021-12-03",187.729995727539,187.800003051758,179.289993286133,183.929992675781,20737500,182.951858520508
"2021-12-06",183.410003662109,186.070007324219,179.199996948242,184.860000610352,13303400,183.876922607422
"2021-12-07",188.669998168945,192.828002929688,188.429992675781,191.020004272461,17772700,190.004165649414
"2021-12-08",191.949996948242,197.690002441406,190.089996337891,197.350006103516,14433200,196.300491333008
"2021-12-09",196.059997558594,196.419998168945,191.440002441406,191.75,11550700,190.730285644531
"2021-12-10",192.940002441406,194.149993896484,186.800003051758,188.509994506836,11908100,187.50749206543
"2021-12-13",187.5,190.199996948242,185.300003051758,186.380004882812,11812200,185.38883972168
"2021-12-14",183.740005493164,189.143005371094,182.779998779297,186.800003051758,11414200,185.806610107422
"2021-12-15",185.119995117188,191.100006103516,183.669998168945,190.660003662109,11278500,189.646072387695
"2021-12-16",194.166000366211,195.240005493164,188.251007080078,188.75,12326100,187.746231079102
"2021-12-17",187.005004882812,187.839996337891,181.990005493164,186.199996948242,18899800,185.209777832031
"2021-12-20",182.529998779297,184.406005859375,181.669998168945,182.679992675781,10906800,181.70849609375
"2021-12-21",183.179992675781,189.289993286133,183.080001831055,189.139999389648,12515500,188.134155273438
"2021-12-22",189.160003662109,191.770004272461,188.039001464844,191.679992675781,9541600,190.66064453125
"2021-12-23",192.470001220703,192.955993652344,190.25,192.009994506836,7762000,190.988876342773
"2021-12-27",192.389999389648,193.919998168945,191.080001831055,192.009994506836,8351800,190.988876342773
"2021-12-28",192.190002441406,194,189.110000610352,190.100006103516,7969400,189.089050292969
"2021-12-29",190.029998779297,191.270004272461,187.830001831055,189.970001220703,7038700,188.959747314453
"2021-12-30",189.610000610352,193.949996948242,188.910003662109,191.880004882812,9634800,190.859588623047
"2021-12-31",191.449996948242,192.229995727539,188.399993896484,188.580001831055,7360400,187.577133178711
"2022-01-03",191.410003662109,196,189.949996948242,194.940002441406,12788200,193.903305053711
"2022-01-04",196,196.100006103516,188.190002441406,191.139999389648,14198000,190.123519897461
"2022-01-05",189.865005493164,194.25,187.149993896484,187.160003662109,13227600,186.164688110352
"2022-01-06",185.520004272461,195,185.070007324219,192.270004272461,14206300,191.247512817383
"2022-01-07",190.020004272461,193.125,186.300003051758,187.600006103516,12627300,186.602355957031
"2022-01-10",185.75,185.75,177.399993896484,182.949996948242,14701600,181.977081298828
"2022-01-11",182.990005493164,192.850006103516,182.619995117188,191.520004272461,12867700,190.501495361328
"2022-01-12",189.699996948242,191.449996948242,185.279998779297,187.199996948242,13588800,186.204467773438
"2022-01-13",187.779998779297,190.839996337891,180.350006103516,181.009994506836,12779900,180.047378540039
"2022-01-14",179.149993896484,182,175.399993896484,178.419998168945,14374400,177.471160888672
"2022-01-18",176.960006713867,179.679992675781,174,174.460006713867,12721300,173.5322265625
"2022-01-19",174.350006103516,177.279998779297,172.600006103516,173.550003051758,13715700,172.627075195312
"2022-01-20",175.009994506836,179.880004882812,173.039993286133,173.279998779297,13992500,172.358489990234
"2022-01-21",171.800003051758,172.960006713867,163.300003051758,163.539993286133,20051000,162.670288085938
"2022-01-24",156.110000610352,162.447998046875,152.080001831055,162.169998168945,23632200,161.307586669922
"2022-01-25",159.800003051758,160.910003662109,155.270004272461,158.199996948242,13268100,157.358688354492
"2022-01-26",162.089996337891,165.330001831055,155.490005493164,156.979995727539,15966500,156.145172119141
"2022-01-27",159.432006835938,162.550003051758,156.539993286133,158.110000610352,12657000,157.269165039062
"2022-01-28",158.369995117188,163.639999389648,156.789993286133,163.520004272461,9861700,162.650405883789
"2022-01-31",164.440002441406,172.160003662109,163.220001220703,171.940002441406,14260000,171.025634765625
"2022-02-01",172.770004272461,176.199996948242,170.529998779297,175.800003051758,23286900,174.865097045898
"2022-02-02",139.889999389648,139.899993896484,129.009994506836,132.570007324219,136264000,131.865005493164
"2022-02-03",129.949996948242,131.449996948242,123.849998474121,124.300003051758,52101200,123.638977050781
"2022-02-04",124.389999389648,126.699996948242,121.400001525879,126.080001831055,33103500,125.409507751465
"2022-02-07",126.580001831055,129.419998168945,120.5,121.410003662109,30384500,120.764343261719
"2022-02-08",121.019996643066,123.330001831055,118.550003051758,120.26000213623,30862700,119.620460510254
"2022-02-09",122.209999084473,123.97200012207,119.809997558594,122.940002441406,29475600,122.286209106445
"2022-02-10",121.540000915527,125.279998779297,118.480003356934,119.019996643066,30012600,118.387054443359
"2022-02-11",119.650001525879,120.889999389648,114.730003356934,115.290000915527,24624900,114.676887512207
"2022-02-14",113.620002746582,116.629997253418,113,114.120002746582,22787000,113.513114929199
"2022-02-15",115.415000915527,116.400001525879,114.01000213623,115.459999084473,19007600,114.845985412598
"2022-02-16",114.699996948242,114.790000915527,110.379997253418,110.540000915527,28938700,109.9521484375
"2022-02-17",109.98999786377,111.410003662109,104.98999786377,105.199996948242,33972200,104.640548706055
"2022-02-18",106,106.740997314453,103.029998779297,103.650001525879,28157400,103.098793029785
"2022-02-22",102.150001525879,105.080001831055,101.709999084473,103.169998168945,28422200,102.621337890625
"2022-02-23",105.019996643066,105.550003051758,100.595001220703,100.720001220703,25263600,100.184371948242
"2022-02-24",94.7399978637695,105.26000213623,94.5,105.019996643066,35400600,104.461502075195
"2022-02-25",106.150001525879,111.099998474121,104.529998779297,110.940002441406,33806900,110.350021362305
"2022-02-28",110.309997558594,113.535003662109,108.930000305176,111.930000305176,25719300,111.334754943848
"2022-03-01",112.730003356934,112.75,105.560997009277,106.51000213623,19597700,105.943588256836
"2022-03-02",105.610000610352,107.230003356934,103.690002441406,106.610000610352,17023500,106.043045043945
"2022-03-03",107.660003662109,107.75,100.860000610352,101.339996337891,20330800,100.801063537598
"2022-03-04",100.23999786377,102.389999389648,98.620002746582,99.9100036621094,20151600,99.3786849975586
"2022-03-07",99.5699996948242,100.330001831055,93.5,93.6100006103516,26529900,93.1121826171875
"2022-03-08",93.0400009155273,98.5999984741211,92.25,94.9000015258789,25130900,94.3953247070312
"2022-03-09",98.120002746582,100.730003356934,97.2900009155273,100.220001220703,20811300,99.6870346069336
"2022-03-10",99.0500030517578,99.3199996948242,96.4000015258789,98.5500030517578,14703200,98.0259170532227
"2022-03-11",99.75,99.8199996948242,95.5199966430664,96.5699996948242,15141700,96.0564346313477
"2022-03-14",96.0449981689453,100.639999389648,94.629997253418,96.870002746582,20988900,96.354850769043
"2022-03-15",98.6750030517578,100.569999694824,96.0500030517578,100.459999084473,18032900,99.9257507324219
"2022-03-16",102.379997253418,107.940002441406,101.889999389648,107.919998168945,24840500,107.346076965332
"2022-03-17",106.559997558594,112.180000305176,106.470001220703,112.160003662109,21950800,111.563537597656
"2022-03-18",111.529998779297,119.379997253418,110.230003356934,118.769996643066,31997800,118.138374328613
"2022-03-21",117.220001220703,117.5,112.5,114.650001525879,19888900,114.040298461914
"2022-03-22",114.650001525879,119.349998474121,114.650001525879,117.870002746582,16746100,117.2431640625
"2022-03-23",115.529998779297,117.360000610352,114.089996337891,114.650001525879,14430600,114.040298461914
"2022-03-24",115.819999694824,116.190002441406,113.319999694824,116.050003051758,13546700,115.43285369873
"2022-03-25",116.040000915527,116.190002441406,112.089996337891,113.76000213623,12371500,113.155029296875
"2022-03-28",114,117.099998474121,112.360000610352,116.169998168945,13868000,115.552207946777
"2022-03-29",118.650001525879,121.550003051758,116.970001220703,121.180000305176,15918400,120.535568237305
"2022-03-30",122.324996948242,122.809997558594,118.029998779297,118.48999786377,16513300,117.859870910645
"2022-03-31",118.105003356934,118.889999389648,115.589996337891,115.650001525879,13928300,115.034973144531
"2022-04-01",116,118.23999786377,115.040000915527,116.669998168945,11037800,116.049545288086
"2022-04-04",117.059997558594,122.319999694824,116.879997253418,121.860000610352,15266400,121.211944580078
"2022-04-05",122.830001831055,122.917999267578,117.203002929688,117.650001525879,12778700,117.024337768555
"2022-04-06",115.26000213623,115.519996643066,110.860000610352,112.48999786377,16288900,111.891777038574
"2022-04-07",111.519996643066,114.339996337891,110.099998474121,113.040000915527,12471300,112.438850402832
"2022-04-08",112.26000213623,113.23999786377,110.25,111.209999084473,10521800,110.618583679199
"2022-04-11",109.75,111.394996643066,108.440002441406,109.809997558594,10706600,109.226028442383
"2022-04-12",111.639999389648,112.73999786377,107.75,108.25,12493600,107.674331665039
"2022-04-13",102.589996337891,105.949996948242,102.290000915527,105.169998168945,26481900,104.610710144043
"2022-04-14",105.080001831055,105.699996948242,102.059997558594,102.309997558594,16125800,101.765914916992
"2022-04-18",102.050003051758,103,99.1350021362305,100.580001831055,15342400,100.045112609863
"2022-04-19",100,104.860000610352,99.9100036621094,103.660003662109,12768100,103.108741760254
"2022-04-20",101.949996948242,101.949996948242,94.4300003051758,94.9000015258789,26487000,94.3953247070312
"2022-04-21",96.1350021362305,97.6100006103516,88.8099975585938,89.4000015258789,27204100,88.9245758056641
"2022-04-22",89.2949981689453,90.25,85.9800033569336,86.0299987792969,21053000,85.5724945068359
"2022-04-25",85.3249969482422,87.9300003051758,84.4199981689453,87.7799987792969,15683400,87.3131866455078
"2022-04-26",86.7699966430664,86.8649978637695,83.5699996948242,83.6999969482422,17205300,83.2548828125
"2022-04-27",83.5699996948242,86.6050033569336,82.120002746582,82.6100006103516,24669800,82.1706848144531
"2022-04-28",85.0599975585938,93.1800003051758,84.370002746582,92.0899963378906,42836600,91.6002655029297
"2022-04-29",91,94.5100021362305,87.75,87.9300003051758,24872400,87.4623870849609
"2022-05-02",87.5500030517578,92.4899978637695,86.8199996948242,91.5299987792969,21340500,91.0432434082031
"2022-05-03",91.4800033569336,92.25,90.0400009155273,90.7099990844727,15227600,90.2276077270508
"2022-05-04",90.25,92.8499984741211,87.120002746582,92.7200012207031,15850600,92.2269134521484
"2022-05-05",90.7300033569336,90.7300033569336,84.1699981689453,85.4300003051758,22066500,84.9756851196289
"2022-05-06",85.3199996948242,85.370002746582,80.9000015258789,81.6800003051758,21369300,81.2456283569336
"2022-05-09",79.8899993896484,82.1399993896484,78.8499984741211,79.5299987792969,25513700,79.107063293457
"2022-05-10",81.7099990844727,82.2699966430664,76.129997253418,78.75,21126300,78.3312149047852
"2022-05-11",77.75,80.3899993896484,75.0199966430664,75.1699981689453,16770200,74.7702484130859
"2022-05-12",73.75,76.5599975585938,71.8310012817383,74.2900009155273,29361000,73.8949279785156
"2022-05-13",76.370002746582,79.1900024414062,76.370002746582,78.8300018310547,17111400,78.4107818603516
"2022-05-16",78.5899963378906,79.0599975585938,76.1880035400391,77.6500015258789,15432300,77.237060546875
"2022-05-17",79.8899993896484,81.2850036621094,77.3099975585938,79.75,12677400,79.3258895874023
"2022-05-18",78.5999984741211,79.9380035400391,76.7699966430664,77.1800003051758,15955300,76.7695541381836
"2022-05-19",76.8300018310547,82.3099975585938,76.8300018310547,81.2799987792969,19779300,80.8477554321289
"2022-05-20",83.7099990844727,83.7699966430664,77.5599975585938,80.5400009155273,16887400,80.111686706543
"2022-05-23",80.4400024414062,82.0599975585938,79.2799987792969,81.1800003051758,12309200,80.7482833862305
"2022-05-24",79.8899993896484,80,77.1999969482422,78.6500015258789,13309600,78.2317428588867
"2022-05-25",77.9599990844727,80.7799987792969,77.25,80.120002746582,14075400,79.6939239501953
"2022-05-26",80.370002746582,81.3000030517578,79.7509994506836,80.4199981689453,21681900,79.9923248291016
"2022-05-27",81.1600036621094,85.4199981689453,80.7399978637695,85.2099990844727,16874100,84.7568588256836
"2022-05-31",84.7050018310547,86.5920028686523,83.1399993896484,85.2099990844727,15500000,84.7568588256836
"2022-06-01",85.4700012207031,86.7699966430664,81.8499984741211,82.4800033569336,11019100,82.041374206543
"2022-06-02",82.2200012207031,88.6100006103516,82.2200012207031,88.3199996948242,17299800,87.8503112792969
"2022-06-03",86.6800003051758,88.0999984741211,85.6999969482422,86.5299987792969,11808300,86.0698394775391
"2022-06-06",87.9599990844727,88.9899978637695,86.4000015258789,86.8099975585938,12472000,86.3483428955078
"2022-06-07",85.0999984741211,88.8199996948242,84.5199966430664,88.5899963378906,10423800,88.1188735961914
"2022-06-08",88.3199996948242,89.3199996948242,86.8899993896484,87.5100021362305,9129600,87.0446243286133
"2022-06-09",86.8099975585938,88.129997253418,84.0699996948242,84.1100006103516,11771500,83.6627044677734
"2022-06-10",80.4300003051758,81.4599990844727,78.25,79.3000030517578,19125000,78.8782806396484
"2022-06-13",76.0299987792969,78.129997253418,73.4599990844727,73.7200012207031,19674400,73.3279571533203
"2022-06-14",74.3000030517578,75.0800018310547,71.4550018310547,72.4599990844727,19289300,72.0746536254883
"2022-06-15",73.4700012207031,77.0999984741211,72.3899993896484,75.8300018310547,17165600,75.4267349243164
"2022-06-16",73.3300018310547,74.0650024414062,70.7099990844727,71.2300033569336,14404300,70.851203918457
"2022-06-17",71.3300018310547,73.6600036621094,70.4700012207031,72.9000015258789,17231100,72.512321472168
"2022-06-21",74.5100021362305,75,72.2799987792969,72.370002746582,14934800,71.9851379394531
"2022-06-22",71.870002746582,74.5749969482422,71.3789978027344,72.9700012207031,13575700,72.5819473266602
"2022-06-23",73.2699966430664,74,71.5599975585938,73.8099975585938,16986800,73.41748046875
"2022-06-24",74.7900009155273,78.6600036621094,74.3899993896484,77.6800003051758,29843800,77.2668991088867
"2022-06-27",77.9899978637695,78.4499969482422,75.3199996948242,75.9400024414062,11657200,75.5361557006836
"2022-06-28",75.6800003051758,76.9199981689453,71.6119995117188,71.8199996948242,14995000,71.4380569458008
"2022-06-29",71.2119979858398,72.1500015258789,69.7699966430664,71.4700012207031,11344500,71.0899200439453
"2022-06-30",70.8199996948242,70.8899993896484,67.5800018310547,69.8399963378906,14264700,69.4685897827148
"2022-07-01",69.8399963378906,71.6999969482422,69.6600036621094,71.4000015258789,9727300,71.0202941894531
"2022-07-05",70.1800003051758,74.4850006103516,68.7600021362305,74.4000015258789,12823700,74.0043487548828
"2022-07-06",74.8300018310547,75.4000015258789,72.629997253418,73.2399978637695,9436600,72.8505096435547
"2022-07-07",73.1800003051758,75.1500015258789,72.7699966430664,75.0400009155273,10739800,74.6409378051758
"2022-07-08",73.120002746582,74.7600021362305,71.8300018310547,73.4300003051758,11734500,73.0395050048828
"2022-07-11",72.6600036621094,73.2799987792969,70.0699996948242,70.4700012207031,10854700,70.0952453613281
"2022-07-12",70.4599990844727,72.5100021362305,70.4599990844727,71.4300003051758,12294900,71.0501327514648
"2022-07-13",69.2200012207031,72.0699996948242,68.5100021362305,71.3600006103516,12037000,70.9805145263672
"2022-07-14",70.5199966430664,70.8499984741211,68.7099990844727,69.5500030517578,9822500,69.1801376342773
"2022-07-15",70.5299987792969,74,70.25,73.9100036621094,14155300,73.5169525146484
"2022-07-18",75.1179962158203,76.5599975585938,73.6100006103516,74.129997253418,14053100,73.7357711791992
"2022-07-19",75.4599990844727,77.9000015258789,74.3199996948242,77.7399978637695,11531800,77.3265762329102
"2022-07-20",76.879997253418,80.3099975585938,76.8499984741211,80.2399978637695,13929300,79.8132781982422
"2022-07-21",79.7900009155273,84.129997253418,79.7200012207031,82.75,17900400,82.3099365234375
"2022-07-22",82.6500015258789,84.5100021362305,80.3499984741211,81.0500030517578,12379700,80.6189804077148
"2022-07-25",80.8499984741211,82.2799987792969,79.0400009155273,81.6500015258789,11219000,81.2157897949219
"2022-07-26",80.0299987792969,80.2200012207031,76.7099990844727,77.0400009155273,13245400,76.6303024291992
"2022-07-27",83.0999984741211,87.0199966430664,81.3600006103516,86.4199981689453,30554900,85.9604187011719
"2022-07-28",85.5400009155273,86.5,83.3499984741211,85.8600006103516,12476500,85.4033966064453
"2022-07-29",86.5199966430664,87.620002746582,84.8199996948242,86.5299987792969,12115700,86.0698394775391
"2022-08-01",87.0500030517578,89.2099990844727,85.2699966430664,88.5650024414062,11710200,88.0940093994141
"2022-08-02",87.1100006103516,90.6699981689453,86.9100036621094,89.629997253418,19673900,89.1533432006836
"2022-08-03",101.139999389648,101.946998596191,97.2699966430664,97.9199981689453,53766800,97.3992538452148
"2022-08-04",97.9000015258789,98.4100036621094,94.4700012207031,96.9800033569336,20145900,96.4642639160156
"2022-08-05",95.2399978637695,96.9899978637695,94.4100036621094,95.3199996948242,12281500,94.8130874633789
"2022-08-08",96.3499984741211,98.9400024414062,95.3199996948242,96.2600021362305,19557500,95.7480926513672
"2022-08-09",95.4499969482422,95.7799987792969,93.6100006103516,94.4800033569336,12357200,93.9775543212891
"2022-08-10",98.0899963378906,99,96.3600006103516,98.9100036621094,17077200,98.3840026855469
"2022-08-11",101.120002746582,101.949996948242,98.5500030517578,99.1100006103516,16441200,98.5829391479492
"2022-08-12",100.547996520996,101.779998779297,100.01000213623,101.099998474121,12320900,100.562347412109
"2022-08-15",100.720001220703,102.220001220703,100.470001220703,101.51000213623,10125600,100.970169067383
"2022-08-16",102.569999694824,103.029998779297,100.160003662109,102.080001831055,14123800,101.537139892578
"2022-08-17",100.050003051758,101,99.0199966430664,99.4199981689453,10651100,98.8912811279297
"2022-08-18",98.7519989013672,100.629997253418,97.1600036621094,99.8600006103516,11268500,99.3289489746094
"2022-08-19",97.8899993896484,98.4300003051758,95.9000015258789,96.5599975585938,11274700,96.0464859008789
"2022-08-22",94.0500030517578,95.2949981689453,93.129997253418,93.5800018310547,12384400,93.0823440551758
"2022-08-23",93.0299987792969,95.2900009155273,92.379997253418,93.1999969482422,11397500,92.7043609619141
"2022-08-24",93.120002746582,95.7699966430664,93.0199966430664,93.7600021362305,8957700,93.2613906860352
"2022-08-25",94.1399993896484,96.7600021362305,93.9499969482422,96.7200012207031,8169100,96.2056427001953
"2022-08-26",96.8949966430664,97.4550018310547,92.629997253418,92.6999969482422,12286500,92.2070159912109
"2022-08-29",91.0250015258789,93.9700012207031,90.9499969482422,92.6600036621094,11062900,92.167236328125
"2022-08-30",93.2799987792969,94.5199966430664,90.75,91.8000030517578,8773000,91.3118057250977
"2022-08-31",95.4349975585938,96.379997253418,93.2300033569336,93.4400024414062,14585800,92.9430923461914
"2022-09-01",92.2519989013672,92.8600006103516,89.7939987182617,92.6600036621094,10452100,92.167236328125
"2022-09-02",93.7099990844727,94.0699996948242,90.6100006103516,91.129997253418,8673500,90.6453704833984
"2022-09-06",91.1600036621094,92.2070007324219,89.8109970092773,91.6149978637695,9198900,91.1277847290039
"2022-09-07",91.879997253418,95.5550003051758,91.7600021362305,94.9700012207031,9529700,94.4649505615234
"2022-09-08",93.5999984741211,96.3769989013672,93.370002746582,96.1699981689453,10113300,95.658561706543
"2022-09-09",96.1999969482422,97.2699966430664,95.6600036621094,96.2300033569336,12020100,95.7182540893555
"2022-09-12",97.2799987792969,99.3000030517578,96.8499984741211,97.6500015258789,11236300,97.1306991577148
"2022-09-13",94.1900024414062,97.3600006103516,93.8000030517578,95.0100021362305,15105400,94.5047378540039
"2022-09-14",96.7600021362305,97.8450012207031,95.5299987792969,97.6600036621094,15117200,97.1406478881836
"2022-09-15",95.0999984741211,98.9800033569336,95.0199966430664,96.4000015258789,15043100,95.8873443603516
"2022-09-16",94.9000015258789,94.9499969482422,91.8499984741211,94,17490500,93.5001068115234
"2022-09-19",93,95.1449966430664,92.629997253418,95.0299987792969,10977500,94.5246276855469
"2022-09-20",92.129997253418,93.5100021362305,90.3949966430664,91.629997253418,15905800,91.142707824707
"2022-09-21",93.0699996948242,95.6399993896484,91.129997253418,91.1800003051758,14457900,90.6951065063477
"2022-09-22",90.8550033569336,91.5,87.0999984741211,87.6600036621094,12996900,87.1938247680664
"2022-09-23",86.9199981689453,87.629997253418,85.6800003051758,86.9700012207031,12175900,86.5074996948242
"2022-09-26",87.0650024414062,89.0800018310547,84.129997253418,84.2600021362305,16936400,83.8119125366211
"2022-09-27",85.3499984741211,87.6949996948242,84.5800018310547,85.75,11627600,85.2939758300781
"2022-09-28",85.8300018310547,91.6500015258789,85.5599975585938,91.120002746582,14925900,90.6354293823242
"2022-09-29",89.6699981689453,90.5599975585938,87.7099990844727,88.6999969482422,10772500,88.2282943725586
"2022-09-30",87.9499969482422,89.5199966430664,85.9800033569336,86.0699996948242,10641900,85.6122817993164
"2022-10-03",87.5299987792969,88.0599975585938,85.4449996948242,87.1800003051758,10416300,86.7163772583008
"2022-10-04",89.5500030517578,93,89.5,92.7900009155273,11239500,92.2965393066406
"2022-10-05",91.0199966430664,94.6100006103516,90.9899978637695,93.8300018310547,9803500,93.3310165405273
"2022-10-06",93.2200012207031,95.5699996948242,93.2200012207031,94.4199981689453,8652300,93.9178695678711
"2022-10-07",92.1800003051758,92.8199996948242,89.6849975585938,90.1699981689453,9229600,89.6904754638672
"2022-10-10",87.379997253418,87.8499984741211,84.2350006103516,84.5199966430664,20930500,84.0705184936523
"2022-10-11",84.0899963378906,84.8199996948242,79.8199996948242,83.0899963378906,16098600,82.6481246948242
"2022-10-12",83.5400009155273,85.1699981689453,82.3199996948242,83.8099975585938,11069300,83.3642959594727
"2022-10-13",79.3519973754883,84.7850036621094,79.3499984741211,84.0400009155273,15397900,83.5930709838867
"2022-10-14",84.2600021362305,85.5199966430664,80.2900009155273,80.4700012207031,11757000,80.0420684814453
"2022-10-17",82.7050018310547,84.8300018310547,82.629997253418,84.6600036621094,19583300,84.2097854614258
"2022-10-18",87.4179992675781,87.75,84.6149978637695,85.2900009155273,9921600,84.83642578125
"2022-10-19",84.3600006103516,85.7600021362305,83.306999206543,84.4700012207031,8590100,84.0207901000977
"2022-10-20",84.6800003051758,87.5999984741211,84,84.7799987792969,10581900,84.3291397094727
"2022-10-21",83.6240005493164,85.129997253418,82.3499984741211,83.9400024414062,14423800,83.4936141967773
"2022-10-24",84.5500030517578,84.5999984741211,80.8600006103516,83.3199996948242,13299000,82.8769073486328
"2022-10-25",86.1699981689453,89.6800003051758,85.9599990844727,89.2399978637695,18001400,88.7654190063477
"2022-10-26",88.0999984741211,91.3399963378906,87.9199981689453,88.5500030517578,12101100,88.0790939331055
"2022-10-27",88.5500030517578,89.7099990844727,87.0999984741211,87.3499984741211,10785800,86.8854751586914
"2022-10-28",86.0899963378906,87.4189987182617,84.1900024414062,86.25,16005700,85.7913208007812
"2022-10-31",85.5100021362305,86.25,82.4700012207031,83.5800018310547,17709500,83.1355209350586
"2022-11-01",85,86.1399993896484,83.0550003051758,83.1100006103516,10269700,82.6680145263672
"2022-11-02",83.1100006103516,84.2200012207031,79.3899993896484,79.4499969482422,13037400,79.0274810791016
"2022-11-03",78.1500015258789,78.7200012207031,75.2900009155273,76.5500030517578,26962900,76.1429138183594
"2022-11-04",75,75.3099975585938,71.1679992675781,75.1800003051758,41464900,74.7801971435547
"2022-11-07",76.5299987792969,78.1800003051758,76.120002746582,77.6600036621094,18061500,77.2470092773438
"2022-11-08",78.1500015258789,83.2300033569336,78.0500030517578,81.129997253418,19481300,80.6985473632812
"2022-11-09",80.0199966430664,80.25,78.0899963378906,78.6800003051758,14327600,78.2615814208984
"2022-11-10",84.1100006103516,86.9000015258789,83.1100006103516,86.8000030517578,20122100,86.3384017944336
"2022-11-11",86.5199966430664,92,86.4599990844727,91.0299987792969,19916700,90.5458984375
"2022-11-14",90.1600036621094,91.370002746582,88.9199981689453,89.5100021362305,10944100,89.0339889526367
"2022-11-15",92.4899978637695,92.620002746582,89.2799987792969,89.8600006103516,14515700,89.3821258544922
"2022-11-16",89.620002746582,89.7099990844727,85.4800033569336,87.0400009155273,17049800,86.5771179199219
"2022-11-17",84.6149978637695,87.3399963378906,83.5100021362305,85.6399993896484,11250100,85.1845703125
"2022-11-18",86.8600006103516,87.2799987792969,84.4300003051758,84.9199981689453,9371700,84.468391418457
"2022-11-21",84.2600021362305,84.7949981689453,80.5699996948242,80.629997253418,13839700,80.2012023925781
"2022-11-22",80.1399993896484,80.1600036621094,76.0500030517578,79.9100036621094,17402600,79.4850463867188
"2022-11-23",79.5199966430664,80.9899978637695,78.7350006103516,80.75,8851700,80.3205718994141
"2022-11-25",80.5999984741211,80.75,79.4160003662109,80.0800018310547,4634500,79.6541366577148
"2022-11-28",79.9300003051758,82.9199981689453,79.6399993896484,79.9300003051758,11282600,79.5049362182617
"2022-11-29",79.2300033569336,80.75,77.2600021362305,77.6399993896484,15491100,77.2271118164062
"2022-11-30",77.6999969482422,79.1100006103516,75.3199996948242,78.4100036621094,25747300,77.9930191040039
"2022-12-01",79.1100006103516,80.7460021972656,78.1399993896484,78.5299987792969,15189000,78.1123733520508
"2022-12-02",76.8199996948242,77.0599975585938,74.5199966430664,74.6600036621094,24238400,74.2629623413086
"2022-12-05",74.0100021362305,75.4899978637695,72.8249969482422,73.620002746582,18317200,73.2284927368164
"2022-12-06",73.379997253418,73.8399963378906,71.3499984741211,72.2300033569336,14692600,71.8458862304688
"2022-12-07",71.6800003051758,75.3399963378906,71.0100021362305,74.4199981689453,24695600,74.0242309570312
"2022-12-08",75.0899963378906,75.8600006103516,73.7900009155273,74.2200012207031,13151100,73.8253021240234
"2022-12-09",73.9499969482422,74.5899963378906,73.3399963378906,73.5699996948242,11781600,73.1787490844727
"2022-12-12",73.1350021362305,74.0650024414062,72.8000030517578,73.8000030517578,13652800,73.4075317382812
"2022-12-13",77.0400009155273,77.8099975585938,73.0999984741211,73.6999969482422,20069600,73.3080596923828
"2022-12-14",73.6999969482422,74.3349990844727,71.5899963378906,72.629997253418,18298800,72.2437515258789
"2022-12-15",71.2900009155273,71.6600036621094,69.4400024414062,69.7699966430664,17639900,69.3989562988281
"2022-12-16",69.4000015258789,70.8600006103516,68.4499969482422,69.2600021362305,25735200,68.8916778564453
"2022-12-19",69.0599975585938,69.5999984741211,67.75,68.9499969482422,15330000,68.5833206176758
"2022-12-20",68.3850021362305,70.129997253418,68.129997253418,68.7600021362305,9470900,68.3943405151367
"2022-12-21",68.8099975585938,70.1900024414062,68.0699996948242,69.2099990844727,13861600,68.8419342041016
"2022-12-22",68.5400009155273,68.818000793457,66.3850021362305,68.5699996948242,16488200,68.2053451538086
"2022-12-23",68.0500030517578,69.25,67.7099990844727,69.0299987792969,9990400,68.6628952026367
"2022-12-27",68.9599990844727,69.2399978637695,67.6800003051758,68.3300018310547,10323800,67.9666290283203
"2022-12-28",68.120002746582,69.4700012207031,67.2919998168945,67.5500030517578,8897600,67.1907730102539
"2022-12-29",68.3899993896484,70.7399978637695,68.2200012207031,70.5599975585938,13143000,70.1847534179688
"2022-12-30",69.4800033569336,71.2600021362305,69.0599975585938,71.2200012207031,10175700,70.8412551879883
"2023-01-03",73.6900024414062,75.2600021362305,73.379997253418,74.5800018310547,27974200,74.1833877563477
"2023-01-04",76.1100006103516,78.4800033569336,75.4300003051758,77.6900024414062,19144700,77.2768478393555
"2023-01-05",77.3000030517578,77.3199996948242,75.6500015258789,76.2699966430664,11113800,75.864387512207
"2023-01-06",76.7699966430664,77.0599975585938,73.9499969482422,76.4800033569336,14167900,76.0732879638672
"2023-01-09",77,78.7649993896484,76.5299987792969,77.0800018310547,12966100,76.6700897216797
"2023-01-10",76.9000015258789,78.0199966430664,76.5,77.9199981689453,10436000,77.505615234375
"2023-01-11",78.6699981689453,79.1900024414062,77.8199996948242,78.5400009155273,10640400,78.1223220825195
"2023-01-12",79.0100021362305,80.3000030517578,77.0999984741211,79.7799987792969,9381900,79.3557281494141
"2023-01-13",78.5250015258789,79.8089981079102,78.0299987792969,79.4800033569336,8624700,79.0573272705078
"2023-01-17",80.1399993896484,80.6650009155273,78.879997253418,80.1800003051758,11261800,79.7536010742188
"2023-01-18",79.8000030517578,80.75,77.1210021972656,77.3099975585938,13601900,76.8988647460938
"2023-01-19",76.2610015869141,77.4199981689453,75.9599990844727,76.75,10023400,76.3418426513672
"2023-01-20",77.0120010375977,79.0999984741211,75.9000015258789,79.0899963378906,12193200,78.6693954467773
"2023-01-23",77.8300018310547,79.7200012207031,76.6600036621094,79.5,17407300,79.0772171020508
"2023-01-24",79.379997253418,80.3899993896484,78.1100006103516,79.5800018310547,9491300,79.1567993164062
"2023-01-25",78.5599975585938,79.5500030517578,77.3000030517578,79.0999984741211,9463400,78.6793441772461
"2023-01-26",80.0800018310547,80.9000015258789,78.5559997558594,80.8099975585938,10566000,80.3802490234375
"2023-01-27",80.5599975585938,82.5350036621094,80.3199996948242,81.8300018310547,10889100,81.3948287963867
"2023-01-30",80.870002746582,81.3600006103516,79.5350036621094,79.6399993896484,10301000,79.2164688110352
"2023-01-31",79.6999969482422,82.4700012207031,79.6100006103516,81.4899978637695,15730300,81.0566329956055
"2023-02-01",81.3399963378906,83.5999984741211,79.5800018310547,82.9100036621094,13221600,82.4690856933594
"2023-02-02",86.7200012207031,88.625,84.6500015258789,86.9599990844727,16906600,86.4975509643555
"2023-02-03",85.3899993896484,87.8399963378906,85.1999969482422,85.5199966430664,14786900,85.0652008056641
"2023-02-06",83.3300018310547,83.8000030517578,82.1350021362305,82.3300018310547,14175900,81.8921661376953
"2023-02-07",82.0599975585938,83.6699981689453,80.822998046875,83.2300033569336,13520800,82.7873840332031
"2023-02-08",82.3499984741211,82.6100006103516,79.620002746582,79.7200012207031,13569300,79.2960510253906
"2023-02-09",81.7300033569336,81.8000030517578,78.0950012207031,78.4199981689453,25473900,78.0029602050781
"2023-02-10",79.370002746582,82.8499984741211,78.5999984741211,80.8000030517578,37521000,80.3703079223633
"2023-02-13",80.6500015258789,80.7099990844727,78.4400024414062,79.4499969482422,15898500,79.0274810791016
"2023-02-14",79,79.3730010986328,76.3000030517578,77.2600021362305,18802000,76.8491363525391
"2023-02-15",76.5299987792969,78.7900009155273,76.0500030517578,77.9100036621094,14494600,77.4956741333008
"2023-02-16",76.870002746582,78.7200012207031,76.5400009155273,76.7300033569336,11461800,76.3219528198242
"2023-02-17",76.1999969482422,76.3300018310547,73.5899963378906,74.6600036621094,15855700,74.2629623413086
"2023-02-21",73.7099990844727,75.5699996948242,73.681999206543,75.2399978637695,14537400,74.8398742675781
"2023-02-22",75.3600006103516,76.2799987792969,74.8850021362305,75.4800033569336,9526700,75.0785980224609
"2023-02-23",75.8899993896484,76.2799987792969,73.6259994506836,75.1900024414062,9292000,74.7901458740234
"2023-02-24",73.5,74.0299987792969,72.9800033569336,73.5500030517578,12317700,73.1588592529297
"2023-02-27",74.3199996948242,74.5650024414062,73.4599990844727,73.7699966430664,8579300,73.377685546875
"2023-02-28",73.5299987792969,74.3399963378906,73.129997253418,73.5999984741211,8607400,73.2085876464844
"2023-03-01",73.629997253418,74.2200012207031,73.25,73.8199996948242,7699600,73.4274291992188
"2023-03-02",72.6240005493164,74.370002746582,72.5999984741211,74.0999984741211,7729100,73.7059326171875
"2023-03-03",74.1600036621094,76.3199996948242,74.0899963378906,76.2900009155273,10040000,75.8842926025391
"2023-03-06",76.9400024414062,77.7600021362305,76.3600006103516,76.7799987792969,9608600,76.3716812133789
"2023-03-07",76.5400009155273,77.379997253418,74.7900009155273,74.9100036621094,9680400,74.5116271972656
"2023-03-08",75.1600036621094,76.1999969482422,74.3499984741211,75.8399963378906,9467900,75.4366760253906
"2023-03-09",76.9599990844727,79.2649993896484,75.7249984741211,75.9300003051758,17398200,75.5262069702148
"2023-03-10",75.9400024414062,75.9400024414062,73.0999984741211,73.4300003051758,13123800,73.0395050048828
"2023-03-13",72.6220016479492,73.9700012207031,71.0859985351562,72.6100006103516,14049000,72.2238616943359
"2023-03-14",74.0749969482422,74.6699981689453,72.6750030517578,73.2399978637695,12491500,72.8505096435547
"2023-03-15",72.1100006103516,73.9400024414062,71.7699966430664,73.9100036621094,10548700,73.5169525146484
"2023-03-16",73.4349975585938,74.504997253418,72.5199966430664,74.3499984741211,11641700,73.9546051025391
"2023-03-17",73.9499969482422,75.0650024414062,72.4779968261719,72.9899978637695,27210400,72.6018371582031
"2023-03-20",73,74.1399993896484,72.0199966430664,73.2099990844727,16888500,72.8206634521484
"2023-03-21",74.1399993896484,76.8399963378906,74.0699996948242,76.7200012207031,12327600,76.3120040893555
"2023-03-22",76.8600006103516,77.1149978637695,74.2399978637695,74.3399963378906,11641300,73.9446563720703
"2023-03-23",72.9499969482422,74.5100021362305,71.7099990844727,72.5599975585938,18567600,72.1741256713867
"2023-03-24",71.9199981689453,73.9000015258789,71.5299987792969,73.879997253418,9176200,73.4871063232422
"2023-03-27",74.8150024414062,75.1699981689453,73.1800003051758,73.3000030517578,11908900,72.9101943969727
"2023-03-28",73.0999984741211,73.5899963378906,71.8600006103516,72.6999969482422,9252400,72.3133773803711
"2023-03-29",73.2099990844727,74.3000030517578,73,74.1800003051758,8746700,73.7855072021484
"2023-03-30",74.9300003051758,75.1800003051758,73.9000015258789,74.3899993896484,8429800,73.9944000244141
"2023-03-31",74.5100021362305,76.0299987792969,74.120002746582,75.9400024414062,8378600,75.5361557006836
"2023-04-03",75.625,75.9199981689453,74.7050018310547,75.2900009155273,8911700,74.8896026611328
"2023-04-04",75.4599990844727,75.6900024414062,74.7300033569336,75.2600021362305,8949100,74.8597717285156
"2023-04-05",75.1100006103516,75.1100006103516,73.1149978637695,73.6100006103516,10812700,73.2185363769531
"2023-04-06",73.2699966430664,75,72.2799987792969,74.9599990844727,10524500,74.5613632202148
"2023-04-10",74.4599990844727,74.8550033569336,73.4599990844727,74.5199966430664,7591800,74.1236953735352
"2023-04-11",76.0299987792969,76.4400024414062,73.2099990844727,73.5800018310547,14190900,73.1886978149414
"2023-04-12",73.9400024414062,75.6999969482422,73.3499984741211,73.5,10422300,73.109130859375
"2023-04-13",73.7099990844727,75.5599975585938,73.5599975585938,75.5199966430664,8724100,75.1183853149414
"2023-04-14",75.1999969482422,76.7350006103516,75.1500015258789,76.5299987792969,8902700,76.1230163574219
"2023-04-17",76.8349990844727,77.9499969482422,76.5500030517578,77.3300018310547,9717600,76.9187622070312
"2023-04-18",77.7099990844727,77.9400024414062,76.2099990844727,76.4199981689453,7558900,76.0135955810547
"2023-04-19",75.3000030517578,75.9400024414062,74.0999984741211,75.3199996948242,8888300,74.9194412231445
"2023-04-20",74.4000015258789,74.9700012207031,73.4700012207031,73.5800018310547,8847600,73.1886978149414
"2023-04-21",73.4000015258789,74.2399978637695,72.9199981689453,74.1800003051758,8591100,73.7855072021484
"2023-04-24",74.4100036621094,74.8730010986328,73.379997253418,74.2900009155273,7458400,73.8949279785156
"2023-04-25",73.9000015258789,74.2900009155273,71.7600021362305,71.7799987792969,10255800,71.3982772827148
"2023-04-26",71.2099990844727,72.7649993896484,71.0299987792969,72.0599975585938,9068800,71.6767807006836
"2023-04-27",73,74.370002746582,72.9599990844727,74.2699966430664,11420100,73.8750305175781
"2023-04-28",74.2399978637695,76.0500030517578,73.9199981689453,76,10718900,75.595832824707
"2023-05-01",76.0299987792969,76.5,74.9700012207031,75.1100006103516,6857900,74.710563659668
"2023-05-02",74.8199996948242,75.0599975585938,71.9300003051758,72.2799987792969,12767000,71.8956069946289
"2023-05-03",72.4100036621094,72.9899978637695,71.3499984741211,71.4300003051758,11865700,71.0501327514648
"2023-05-04",71.7699966430664,73.0500030517578,71.754997253418,71.8099975585938,10230500,71.4281158447266
"2023-05-05",72.9599990844727,75.0800018310547,72.9400024414062,74.9700012207031,11954200,74.5713119506836
"2023-05-08",75.7099990844727,76.379997253418,74.9150009155273,75.5199966430664,22864000,75.1183853149414
"2023-05-09",69.5299987792969,69.6800003051758,65.8499984741211,65.9049987792969,68702600,65.5545196533203
"2023-05-10",66.5,66.5899963378906,62.7799987792969,63.3800010681152,46309100,63.0429458618164
"2023-05-11",63.4500007629395,64.375,62.6399993896484,64.1800003051758,27903300,63.8386917114258
"2023-05-12",64.0999984741211,64.1800003051758,61.310001373291,61.689998626709,28711100,61.361930847168
"2023-05-15",61.75,62.7290000915527,61.5800018310547,62.25,20633500,61.9189529418945
"2023-05-16",61.7999992370605,61.9749984741211,60.75,60.7999992370605,17517500,60.4766654968262
"2023-05-17",61.1500015258789,61.7200012207031,60.4000015258789,61.4599990844727,19938700,61.1331558227539
"2023-05-18",61.4599990844727,61.6549987792969,60.4599990844727,61.2700004577637,19820500,60.9441680908203
"2023-05-19",61.9000015258789,61.9500007629395,60.7080001831055,60.9199981689453,19398000,60.5960235595703
"2023-05-22",60.9500007629395,63.1500015258789,60.6500015258789,63.0299987792969,20220600,62.6948051452637
"2023-05-23",63.0299987792969,63.2999992370605,61.8400001525879,62,16815500,61.6702842712402
"2023-05-24",61.6500015258789,62.2150001525879,61.2299995422363,61.7999992370605,14790300,61.4713478088379
"2023-05-25",61.7400016784668,61.7400016784668,59.314998626709,59.3699989318848,24461300,59.0542678833008
"2023-05-26",59.5,60.6069984436035,58.9500007629395,60.2200012207031,20632500,59.8997497558594
"2023-05-30",61.0400009155273,62.189998626709,59.5499992370605,62.0499992370605,21356700,61.7200164794922
"2023-05-31",61.8400001525879,63.2150001525879,61.1699981689453,61.9900016784668,27790800,61.6603393554688
"2023-06-01",62.4099998474121,63.6100006103516,61.8300018310547,63.0499992370605,16686200,62.7146987915039
"2023-06-02",63.7400016784668,64.3949966430664,63.5620002746582,63.9599990844727,16438700,63.6198577880859
"2023-06-05",64.0699996948242,64.9800033569336,63.5050010681152,64.5100021362305,13498300,64.1669387817383
"2023-06-06",64.4300003051758,65.1750030517578,64.2300033569336,65.0199966430664,13039200,64.6742172241211
"2023-06-07",65.25,65.3199996948242,63.5499992370605,64.0400009155273,15511900,63.6994361877441
"2023-06-08",64.1999969482422,64.6949996948242,63.9850006103516,64.2399978637695,13568500,63.8983688354492
"2023-06-09",64,64.0599975585938,62.4300003051758,63.4900016784668,17151700,63.1523590087891
"2023-06-12",63.5999984741211,64.2600021362305,63.1199989318848,63.7299995422363,15945400,63.3910827636719
"2023-06-13",63.5499992370605,64.2399978637695,63.1300010681152,63.560001373291,19963400,63.2219886779785
"2023-06-14",64.1399993896484,65.0999984741211,63.0250015258789,63.5999984741211,24028100,63.261775970459
"2023-06-15",63.1199989318848,66.2099990844727,62.6300010681152,65.8499984741211,21527700,65.4998092651367
"2023-06-16",65.9499969482422,67.1500015258789,65.2200012207031,66.4300003051758,29703700,66.0767288208008
"2023-06-20",67.129997253418,69.1999969482422,66.7799987792969,68.8899993896484,31379200,68.5236434936523
"2023-06-21",68.9449996948242,69.0199966430664,67.2200012207031,68.1900024414062,23910600,67.8273696899414
"2023-06-22",67.5199966430664,68.6449966430664,67.0599975585938,68.5699996948242,16872500,68.2053451538086
"2023-06-23",67.4150009155273,68.1600036621094,65.8499984741211,66.9400024414062,27683800,66.5840148925781
"2023-06-26",66.870002746582,67.5800018310547,66.4100036621094,66.4400024414062,12224400,66.0866775512695
"2023-06-27",66.870002746582,67.0999984741211,65.7799987792969,66.2300033569336,16371200,65.8777923583984
"2023-06-28",66.0500030517578,66.4800033569336,65.620002746582,66.0299987792969,15390600,65.6788558959961
"2023-06-29",66.3000030517578,67.3399963378906,65.620002746582,65.8600006103516,14894200,65.5097579956055
"2023-06-30",66.0899963378906,66.9749984741211,65.75,66.7300033569336,16907100,66.375129699707
"2023-07-03",67.120002746582,68.629997253418,66.8399963378906,68.0999984741211,8617900,67.7378387451172
"2023-07-05",68.0400009155273,68.9000015258789,67,68.8499984741211,13980600,68.4838485717773
"2023-07-06",67.7099990844727,67.8499984741211,65.629997253418,66.1399993896484,17447500,65.7882690429688
"2023-07-07",66.1900024414062,67.6600036621094,65.9800033569336,66.7900009155273,12341800,66.434814453125
"2023-07-10",66.8000030517578,69.3600006103516,66.6900024414062,69.2799987792969,14872000,68.9115676879883
"2023-07-11",69.6399993896484,70.7300033569336,69.4100036621094,70.620002746582,14799000,70.2444458007812
"2023-07-12",71.7200012207031,71.870002746582,70.2799987792969,70.5899963378906,14458500,70.214599609375
"2023-07-13",71.370002746582,72.7350006103516,71,72.3899993896484,14536300,72.0050277709961
"2023-07-14",72.6600036621094,72.9800033569336,71.9199981689453,72.0999984741211,12202200,71.7165756225586
"2023-07-17",72.5199966430664,73.7799987792969,71.9599990844727,73.4899978637695,13168800,73.0991821289062
"2023-07-18",73.4800033569336,74.4100036621094,73.2600021362305,74.370002746582,11903000,73.9745025634766
"2023-07-19",74.4700012207031,75.0400009155273,73.9000015258789,74.2200012207031,12167200,73.8253021240234
"2023-07-20",72.8199996948242,74.6800003051758,72.8000030517578,73.0199966430664,14221100,72.6316757202148
"2023-07-21",72.7300033569336,73.620002746582,71.8300018310547,72.9899978637695,25515000,72.6018371582031
"2023-07-24",73.0400009155273,73.9700012207031,73.0149993896484,73.6900024414062,8845400,73.2981185913086
"2023-07-25",73.6800003051758,74.3000030517578,72.9400024414062,72.9599990844727,8536000,72.5719985961914
"2023-07-26",72.8899993896484,73.7600021362305,72.4100036621094,73.4300003051758,11332500,73.0395050048828
"2023-07-27",74.3300018310547,75.0550003051758,71.8099975585938,72.0299987792969,11836600,71.6469421386719
"2023-07-28",73.0400009155273,74.1900024414062,72.9599990844727,73.9800033569336,10182300,73.5865707397461
"2023-07-31",74.9000015258789,76.5400009155273,74.7399978637695,75.8199996948242,15661100,75.4167861938477
"2023-08-01",76.1900024414062,76.2799987792969,74.5599975585938,75.5299987792969,14608700,75.1283340454102
"2023-08-02",74.379997253418,74.9899978637695,72.5,73.1999969482422,24567800,72.8107147216797
"2023-08-03",66.6999969482422,66.9300003051758,64.0999984741211,64.1800003051758,51260800,63.8386917114258
"2023-08-04",64.8000030517578,64.9700012207031,62.6590003967285,62.75,25279500,62.4162979125977
"2023-08-07",63.0200004577637,64.75,62.2000007629395,64.4199981689453,23738000,64.0774154663086
"2023-08-08",63.7700004577637,63.9900016784668,62.4900016784668,63.189998626709,17683700,62.8539543151855
"2023-08-09",63.0999984741211,63.3899993896484,61.9300003051758,62.0200004577637,13788700,61.6901779174805
"2023-08-10",62.5999984741211,63.0499992370605,62.0750007629395,62.7900009155273,13119100,62.4560852050781
"2023-08-11",62.2700004577637,62.5,61.4700012207031,61.5400009155273,12419300,61.2127304077148
"2023-08-14",62.1500015258789,63.439998626709,61.6800003051758,63.2700004577637,22668000,62.9335289001465
"2023-08-15",62.7599983215332,62.7700004577637,59.4000015258789,59.4700012207031,32003500,59.1537399291992
"2023-08-16",59.439998626709,60.185001373291,59.2599983215332,59.6800003051758,16592700,59.362621307373
"2023-08-17",59.0099983215332,59.1949996948242,58.1500015258789,58.5999984741211,20616700,58.2883644104004
"2023-08-18",57.3899993896484,59.7999992370605,57.2900009155273,59.4199981689453,19035900,59.10400390625
"2023-08-21",59.4599990844727,59.7690010070801,58.75,59.5099983215332,14133700,59.1935272216797
"2023-08-22",59.9199981689453,61.314998626709,59.6100006103516,60.9799995422363,17340200,60.6557083129883
"2023-08-23",61.2799987792969,62.3699989318848,60.9300003051758,61.7599983215332,13105400,61.4315567016602
"2023-08-24",61.689998626709,61.9199981689453,60.6209983825684,60.7099990844727,12846900,60.3871421813965
"2023-08-25",60.9900016784668,61.5999984741211,60.0800018310547,61.189998626709,11150100,60.8645896911621
"2023-08-28",61.5900001525879,61.9599990844727,61.0299987792969,61.6699981689453,10459300,61.3420372009277
"2023-08-29",61.6300010681152,62.7400016784668,61.5299987792969,62.5,11627600,62.1676254272461
"2023-08-30",62.3800010681152,63.4700012207031,62.1199989318848,63.4199981689453,12041000,63.0827331542969
"2023-08-31",62.7200012207031,63.4099998474121,62.4500007629395,62.5099983215332,13840200,62.1775703430176
"2023-09-01",63.1300010681152,63.6500015258789,62.7330017089844,63.5699996948242,11715200,63.23193359375
"2023-09-05",63.3800010681152,64.1800003051758,63.0349998474121,63.7400016784668,12739100,63.4010314941406
"2023-09-06",63.1199989318848,63.8400001525879,62.6800003051758,62.7999992370605,13621300,62.4660301208496
"2023-09-07",62,62.0900001525879,61.1199989318848,61.6500015258789,12712700,61.3221473693848
"2023-09-08",61.5800018310547,61.810001373291,60.310001373291,60.9799995422363,15367400,60.6557083129883
"2023-09-11",61.7299995422363,62.2599983215332,61.2700004577637,61.9300003051758,12280100,61.600658416748
"2023-09-12",61.8800010681152,63.689998626709,61.7599983215332,62.810001373291,12224300,62.4759750366211
"2023-09-13",62.810001373291,63.3199996948242,62.1650009155273,62.8400001525879,9426600,62.5058174133301
"2023-09-14",63.8899993896484,64.5999984741211,63.310001373291,64.4400024414062,14564700,64.0973052978516
"2023-09-15",64.6600036621094,65.7300033569336,63.9099998474121,64.2099990844727,21843500,63.8685302734375
"2023-09-18",63.3499984741211,63.5149993896484,62.75,62.939998626709,14050000,62.6052856445312
"2023-09-19",62.0999984741211,62.4199981689453,61.4519996643066,62.189998626709,11441800,61.8592720031738
"2023-09-20",62.560001373291,62.6199989318848,60.8300018310547,60.8600006103516,11138900,60.5363464355469
"2023-09-21",59.9500007629395,60.3050003051758,58.6139984130859,58.6199989318848,15361000,58.3082580566406
"2023-09-22",59.0200004577637,59.189998626709,57.8349990844727,57.8800010681152,12756700,57.572193145752
"2023-09-25",57.5400009155273,58.9000015258789,57.5120010375977,58.8600006103516,11493800,58.5469856262207
"2023-09-26",58.2999992370605,59.2249984741211,58.2299995422363,58.9300003051758,11111900,58.6166076660156
"2023-09-27",59.0499992370605,59.5699996948242,56.5299987792969,57.3400001525879,19171000,57.0350685119629
"2023-09-28",57.4099998474121,58.4599990844727,57.0200004577637,58.1800003051758,11387600,57.8706016540527
"2023-09-29",58.8499984741211,59.3300018310547,58.0699996948242,58.4599990844727,10550300,58.1491088867188
"2023-10-02",58.6199989318848,59.6399993896484,58.0050010681152,58.560001373291,12961500,58.2485809326172
"2023-10-03",57.8899993896484,58.6500015258789,57.1199989318848,57.2999992370605,12014000,56.9952774047852
"2023-10-04",58.1100006103516,58.6549987792969,57.310001373291,58.5699996948242,11019600,58.2585258483887
"2023-10-05",58.3899993896484,58.6599998474121,57.2599983215332,57.4799995422363,13037200,57.1743202209473
"2023-10-06",56.8300018310547,58.2480010986328,55.8600006103516,57.7700004577637,18348600,57.4627799987793
"2023-10-09",56.9949989318848,58.0900001525879,56.318000793457,57.9599990844727,10376600,57.6517677307129
"2023-10-10",57.9599990844727,58.5,57.4099998474121,57.7200012207031,17455200,57.4130477905273
"2023-10-11",58.1100006103516,58.8899993896484,57.5800018310547,58.0699996948242,10866200,57.7611808776855
"2023-10-12",58.0900001525879,58.1049995422363,56.2400016784668,56.3549995422363,13497100,56.0553016662598
"2023-10-13",56.5,56.8800010681152,55.5299987792969,55.75,12048500,55.4535217285156
"2023-10-16",56.1100006103516,57.0800018310547,55.810001373291,57,14267700,56.6968727111816
"2023-10-17",56.5099983215332,57.5900001525879,56.4900016784668,57.1599998474121,10325200,56.8560256958008
"2023-10-18",56.5299987792969,57.0970001220703,55.7050018310547,55.7999992370605,10514500,55.5032539367676
"2023-10-19",55.6599998474121,56.4000015258789,54.7000007629395,54.810001373291,16298500,54.5185203552246
"2023-10-20",53.9900016784668,54.4700012207031,53.3400001525879,53.3899993896484,20982500,53.106071472168
"2023-10-23",52.9199981689453,54.125,52.6500015258789,53.4500007629395,13629400,53.1657562255859
"2023-10-24",53.8800010681152,54.6100006103516,53.5900001525879,54.2400016784668,9733900,53.9515533447266
"2023-10-25",52.5499992370605,52.7799987792969,51.2299995422363,51.4900016784668,22784100,51.216178894043
"2023-10-26",51.5,52.25,51.060001373291,51.75,17045600,51.4747924804688
"2023-10-27",51.5099983215332,51.6699981689453,50.25,50.3899993896484,18382700,50.1220283508301
"2023-10-30",50.9500007629395,51.4449996948242,50.5750007629395,51.0499992370605,13168900,50.7785148620605
"2023-10-31",51.0900001525879,51.8899993896484,50.7999992370605,51.7999992370605,12942500,51.5245246887207
"2023-11-01",51.9099998474121,52.1990013122559,51.0950012207031,51.6599998474121,25259700,51.3852729797363
"2023-11-02",55.0499992370605,55.4300003051758,52.5499992370605,55.060001373291,35348000,54.7671928405762
"2023-11-03",55.4199981689453,56.2700004577637,55.3779983520508,56.0999984741211,18742100,55.8016586303711
"2023-11-06",56.6500015258789,56.7200012207031,54.185001373291,54.6199989318848,17246800,54.3295288085938
"2023-11-07",54.439998626709,55.0400009155273,54.0499992370605,54.6300010681152,13038500,54.3394775390625
"2023-11-08",54.3300018310547,55.8300018310547,53.5499992370605,55.0800018310547,20518500,54.7870864868164
"2023-11-09",55.7999992370605,56.0299987792969,54.1500015258789,54.2799987792969,12568700,53.9913368225098
"2023-11-10",54.3400001525879,54.8250007629395,53.8689994812012,54.7700004577637,9682100,54.4787368774414
"2023-11-13",54.439998626709,54.7200012207031,53.9799995422363,54.3899993896484,11861100,54.1007537841797
"2023-11-14",55.4900016784668,57.185001373291,55.4199981689453,56.6800003051758,16775400,56.3785781860352
"2023-11-15",57.0019989013672,58.5550003051758,56.9900016784668,58.25,15222100,57.9402275085449
"2023-11-16",57.9599990844727,58.2700004577637,56.5499992370605,56.8199996948242,12748600,56.5178298950195
"2023-11-17",56.8689994812012,56.9550018310547,56.351001739502,56.5400009155273,12138000,56.2393188476562
"2023-11-20",56.5400009155273,57.2350006103516,56.2599983215332,56.9900016784668,11406700,56.6869277954102
"2023-11-21",56.5499992370605,56.6300010681152,55.2750015258789,55.4000015258789,13729000,55.1053848266602
"2023-11-22",55.7900009155273,56.7389984130859,55.6199989318848,56.3400001525879,11451600,56.0403823852539
"2023-11-24",56,56.1300010681152,55.5499992370605,55.7599983215332,6846600,55.4634666442871
"2023-11-27",56,56.9700012207031,55.7099990844727,56.3899993896484,15183800,56.0901184082031
"2023-11-28",56.4700012207031,58.7000007629395,56.1300010681152,58.4700012207031,23957900,58.1590576171875
"2023-11-29",59.2299995422363,60.2000007629395,57.9099998474121,57.9700012207031,19258300,57.6617164611816
"2023-11-30",58.0499992370605,58.1040000915527,57.0499992370605,57.6100006103516,19039400,57.3036308288574
"2023-12-01",57.6300010681152,59.810001373291,57.4500007629395,59.6500015258789,18435700,59.3327827453613
"2023-12-04",59.4300003051758,60.3800010681152,59.2400016784668,59.8499984741211,14107900,59.5317153930664
"2023-12-05",59.310001373291,59.4650001525879,57.3199996948242,57.9199981689453,21506500,57.6119804382324
"2023-12-06",57.8300018310547,60.4599990844727,57.75,59.5299987792969,25245600,59.2134208679199
"2023-12-07",59.0900001525879,59.1500015258789,58.1199989318848,58.4799995422363,17422400,58.169002532959
"2023-12-08",58.2599983215332,59.7400016784668,57.4000015258789,58.939998626709,15467500,58.6265563964844
"2023-12-11",59.0999984741211,59.7999992370605,58.9599990844727,59.0400009155273,12082700,58.7260284423828
"2023-12-12",59.3899993896484,59.3899993896484,58.1349983215332,58.8899993896484,13845500,58.5768241882324
"2023-12-13",58.7299995422363,61.8899993896484,58.5400009155273,61.7299995422363,19128100,61.4017181396484
"2023-12-14",62.939998626709,64.129997253418,61.2099990844727,61.8699989318848,27947300,61.5409736633301
"2023-12-15",62.3699989318848,62.3699989318848,60.8199996948242,61.2599983215332,24011000,60.9342193603516
"2023-12-18",61.4199981689453,61.7299995422363,60.8549995422363,61.4700012207031,13800100,61.1431045532227
"2023-12-19",61.7900009155273,63.2799987792969,61.7200012207031,63.0099983215332,19929000,62.6749114990234
"2023-12-20",62.9500007629395,63.9650001525879,61.6699981689453,61.7400016784668,17421000,61.4116668701172
"2023-12-21",62.2050018310547,62.4500007629395,61.5900001525879,62.060001373291,12195100,61.7299652099609
"2023-12-22",62.1699981689453,62.7299995422363,61.5800018310547,61.8400001525879,13175400,61.5111351013184
"2023-12-26",61.9500007629395,62.685001373291,61.8600006103516,62.560001373291,9940600,62.2273101806641
"2023-12-27",62.6699981689453,62.8349990844727,62.1100006103516,62.6800003051758,11112300,62.3466682434082
"2023-12-28",62.6199989318848,63.5,62.4500007629395,63.0800018310547,11233400,62.7445411682129
"2023-12-29",63,63.1599998474121,61.1500015258789,61.4099998474121,16807400,61.083423614502
"2024-01-02",61.2200012207031,62.1599998474121,60.4300003051758,61.4599990844727,15248400,61.1331558227539
"2024-01-03",60.7000007629395,60.75,58.3499984741211,58.6300010681152,21245800,58.3182067871094
"2024-01-04",58.0200004577637,59.064998626709,57.439998626709,58.4500007629395,16680400,58.1391639709473
"2024-01-05",57.7400016784668,60.3699989318848,57.6399993896484,60.1199989318848,17420200,59.8002815246582
"2024-01-08",60.4000015258789,61.9199981689453,60.060001373291,61.7400016784668,14264400,61.4116668701172
"2024-01-09",60.2799987792969,62.0200004577637,60.1199989318848,61.0499992370605,14877300,60.7253379821777
"2024-01-10",60.9500007629395,61.4300003051758,60.2900009155273,60.9599990844727,10137900,60.635814666748
"2024-01-11",60.6500015258789,61.4949989318848,60.0800018310547,61.3499984741211,11900700,61.023738861084
"2024-01-12",61.7999992370605,61.9080009460449,60.7400016784668,61,9282600,60.6756019592285
"2024-01-16",60.0499992370605,60.2400016784668,58.0950012207031,58.4500007629395,20907100,58.1391639709473
"2024-01-17",57.4199981689453,59.9799995422363,56.4710006713867,59.8899993896484,29527400,59.5715065002441
"2024-01-18",60.4900016784668,62.4700012207031,60.1199989318848,62.0900001525879,25339500,61.7598075866699
"2024-01-19",63,66.2099990844727,62.2599983215332,65.8199996948242,38264600,65.4699630737305
"2024-01-22",68.0220031738281,68.2099990844727,63.2200012207031,63.7400016784668,44006900,63.4010314941406
"2024-01-23",64.5250015258789,65.7300033569336,64.1800003051758,64.7799987792969,19883700,64.4355010986328
"2024-01-24",65.9899978637695,66,62.9599990844727,63.0200004577637,21694100,62.6848602294922
"2024-01-25",63.4599990844727,64.3300018310547,58.9000015258789,60.7099990844727,43452600,60.3871421813965
"2024-01-26",60.3199996948242,62.265998840332,60.0099983215332,61.7799987792969,18430700,61.4514503479004
"2024-01-29",61.2000007629395,63.7900009155273,60.9000015258789,63.7599983215332,15913900,63.4209213256836
"2024-01-30",62.9000015258789,64.5,62.0699996948242,63.6800003051758,18786100,63.3413467407227
"2024-01-31",63,63.4000015258789,61.189998626709,61.3499984741211,15623100,61.023738861084
"2024-02-01",61.5099983215332,62.060001373291,60.6419982910156,62.0200004577637,13449400,61.6901779174805
"2024-02-02",61.7900009155273,62.7200012207031,61,62.4199981689453,14618900,62.0880470275879
"2024-02-05",62,62.0779991149902,61.2999992370605,61.5400009155273,10223300,61.2127304077148
"2024-02-06",62.0299987792969,63.7299995422363,61.6199989318848,63.7099990844727,17564300,63.3711891174316
"2024-02-07",64.5400009155273,64.9000015258789,62.8499984741211,63.2400016784668,33211300,62.903694152832
"2024-02-08",57.9799995422363,58.5900001525879,55.7700004577637,56.1300010681152,68272700,55.8315010070801
"2024-02-09",56.2050018310547,59.2200012207031,56.1599998474121,58.9099998474121,31421400,58.5967140197754
"2024-02-12",58.6100006103516,60.6150016784668,58.4199981689453,60.0900001525879,21768200,59.7704429626465
"2024-02-13",57.8800010681152,58.7299995422363,57.8600006103516,58.2599983215332,19540200,57.9501686096191
"2024-02-14",58.5950012207031,59.0149993896484,57.6300010681152,58.8699989318848,16520600,58.5569305419922
"2024-02-15",58.8600006103516,60.2449989318848,58.060001373291,59.7000007629395,13321000,59.3825187683105
"2024-02-16",58.8600006103516,59.75,58.4500007629395,59.1399993896484,12195800,58.8254928588867
"2024-02-20",58.2299995422363,59.0299987792969,58.189998626709,58.6300010681152,12598700,58.3182067871094
"2024-02-21",58.0800018310547,58.4500007629395,57.1450004577637,57.4799995422363,13377900,57.1743202209473
"2024-02-22",57.7700004577637,58.6399993896484,57.3699989318848,58.3499984741211,17293000,58.0396919250488
"2024-02-23",58.8499984741211,59.4300003051758,58.2299995422363,59.1599998474121,13357000,58.845386505127
"2024-02-26",58.9300003051758,60.1749992370605,58.7099990844727,59.3300018310547,11065600,59.0144882202148
"2024-02-27",59.5699996948242,60.2400016784668,59.439998626709,60.1599998474121,11467600,59.8400688171387
"2024-02-28",59.7000007629395,60.9000015258789,59.439998626709,60.25,9851600,59.9295883178711
"2024-02-29",60.5999984741211,61.8660011291504,60.0149993896484,60.3400001525879,17117300,60.0191116333008
"2024-03-01",60.5299987792969,61.6399993896484,60.2099990844727,60.5400009155273,17590400,60.2180480957031
"2024-03-04",60.4099998474121,60.5999984741211,58.8600006103516,59.9799995422363,17125200,59.6610260009766
"2024-03-05",59.5099983215332,60.8300018310547,57.8699989318848,58.2700004577637,18056700,57.9601173400879
"2024-03-06",58.75,58.9199981689453,57.9099998474121,58.1199989318848,17187400,57.8109169006348
"2024-03-07",58.4599990844727,59.0550003051758,57.9500007629395,58.5,19447900,58.1888961791992
"2024-03-08",58.7200012207031,59.560001373291,58.242000579834,59.0099983215332,18283500,58.6961822509766
"2024-03-11",59,60.2200012207031,58.9449996948242,60.0800018310547,11172700,59.760498046875
"2024-03-12",59.7999992370605,60.4749984741211,59.2960014343262,60.0299987792969,13485100,59.7107582092285
"2024-03-13",59.9799995422363,63.2999992370605,59.810001373291,62.4500007629395,19983400,62.1178894042969
"2024-03-14",62.5099983215332,64.1999969482422,62.2099990844727,63,19342000,62.664966583252
"2024-03-15",62.5999984741211,63.8300018310547,62.4300003051758,62.8499984741211,20040000,62.5157623291016
"2024-03-18",63.1199989318848,64.7600021362305,63.0999984741211,64.2300033569336,14219900,63.888427734375
"2024-03-19",63.7700004577637,64.0500030517578,62.7999992370605,63.0099983215332,9089300,62.6749114990234
"2024-03-20",63.5800018310547,65.3600006103516,63.1150016784668,65.0500030517578,12641400,64.7040634155273
"2024-03-21",65.3000030517578,66.9899978637695,65.0500030517578,66.1399993896484,14022100,65.7882690429688
"2024-03-22",66.4400024414062,67.25,64.75,64.7699966430664,10208100,64.4255523681641
"2024-03-25",64.8000030517578,66.3850021362305,64.8000030517578,66,10224300,65.6490097045898
"2024-03-26",66.7399978637695,67.9700012207031,66.5,66.6699981689453,14826400,66.3154449462891
"2024-03-27",67.7200012207031,68.2099990844727,66.1399993896484,66.5699996948242,10591200,66.2159805297852
"2024-03-28",66.870002746582,67.7200012207031,66.4300003051758,66.9899978637695,10775800,66.6337509155273
"2024-04-01",67,67.3610000610352,65,65.0299987792969,9840500,64.6841659545898
"2024-04-02",63.9500007629395,64.8399963378906,63.5499992370605,64.6600036621094,10329300,64.3161392211914
"2024-04-03",64.4800033569336,65.4550018310547,64.4100036621094,65.3399963378906,7176100,64.9925155639648
"2024-04-04",65.9899978637695,66.3600006103516,64.3399963378906,64.5400009155273,9933400,64.19677734375
"2024-04-05",64.6999969482422,65.4700012207031,64.0599975585938,65.1500015258789,8062300,64.8035354614258
"2024-04-08",65.5299987792969,66.6999969482422,65.3300018310547,66.3399963378906,8421400,65.9871978759766
"2024-04-09",66.9499969482422,67.2600021362305,66.3850021362305,67,8446300,66.6436996459961
"2024-04-10",65.120002746582,66.1900024414062,65.0500030517578,65.879997253418,8566300,65.5296478271484
"2024-04-11",65.8450012207031,66.3779983520508,64.6800003051758,65.8000030517578,8785500,65.4500732421875
"2024-04-12",65.379997253418,65.9700012207031,64.1600036621094,64.5899963378906,9934000,64.2465057373047
"2024-04-15",65.0599975585938,65.4700012207031,63.25,63.5099983215332,11008700,63.1722526550293
"2024-04-16",62.9900016784668,64.2099990844727,62.9199981689453,63.4300003051758,9912700,63.0926818847656
"2024-04-17",63.7799987792969,63.9700012207031,62.5800018310547,63.2599983215332,8000900,62.9235801696777
"2024-04-18",63.8499984741211,64.0299987792969,61.9500007629395,62.0999984741211,9240000,61.7697525024414
"2024-04-19",62,62.4599990844727,61.7249984741211,62.310001373291,13177900,61.9786376953125
"2024-04-22",63.0400009155273,63.6349983215332,62.4799995422363,63.189998626709,9958200,62.8539543151855
"2024-04-23",63.3800010681152,64.6999969482422,63.2000007629395,64.4300003051758,9913000,64.0873641967773
"2024-04-24",64.1100006103516,65.0899963378906,64.0199966430664,64.8399963378906,8189100,64.4951782226562
"2024-04-25",63.4700012207031,64.4000015258789,62.9500007629395,64.0999984741211,11711200,63.7591171264648
"2024-04-26",64.129997253418,66.3000030517578,63.75,65.9599990844727,14200900,65.6092224121094
"2024-04-29",66,67.5500030517578,66,66.9899978637695,19142400,66.6337509155273
"2024-04-30",70,70.6620025634766,67.2200012207031,67.9199981689453,43903400,67.5587997436523
"2024-05-01",67,67.8000030517578,65.4899978637695,66.1399993896484,17966500,65.7882690429688
"2024-05-02",66.6999969482422,67.4400024414062,65.8300018310547,66.9800033569336,14480600,66.6238098144531
"2024-05-03",67.6399993896484,67.8899993896484,64.7200012207031,65.6999969482422,15435200,65.3506088256836
"2024-05-06",66,66.0999984741211,64.9499969482422,65.6100006103516,11257600,65.2610855102539
"2024-05-07",66.0800018310547,66.7699966430664,65.7699966430664,65.9199981689453,9232200,65.5694351196289
"2024-05-08",65.4599990844727,65.6999969482422,63.7700004577637,63.810001373291,11183800,63.4706611633301
"2024-05-09",63.8699989318848,64.4700012207031,63.4099998474121,64.4499969482422,8368700,64.1072463989258
"2024-05-10",64.5899963378906,64.9400024414062,62.8800010681152,62.9300003051758,8745800,62.5953407287598
"2024-05-13",63.435001373291,64.4300003051758,63.189998626709,63.9500007629395,7311600,63.6099128723145
"2024-05-14",64.3899993896484,64.8600006103516,64.2699966430664,64.5800018310547,7556500,64.2365646362305
"2024-05-15",65.1100006103516,65.5299987792969,63.4799995422363,63.9000015258789,10972600,63.5601806640625
"2024-05-16",63.5900001525879,64.4300003051758,63.4199981689453,64.0999984741211,8113600,63.7591171264648
"2024-05-17",64.0800018310547,64.7099990844727,63.8450012207031,64.4800033569336,8204800,64.137092590332
"2024-05-20",64.5279998779297,65.0350036621094,63.7700004577637,64.7699966430664,6429000,64.4255523681641
"2024-05-21",64.3899993896484,64.6900024414062,63.7000007629395,64.0999984741211,6576000,63.7591171264648
"2024-05-22",63.7900009155273,63.9099998474121,61.8450012207031,62.189998626709,14532200,61.8592720031738
"2024-05-23",62.5400009155273,62.685001373291,61.2200012207031,61.5800018310547,10533400,61.2525177001953
"2024-05-24",61.9500007629395,62.060001373291,61.2700004577637,61.6399993896484,8176800,61.312198638916
"2024-05-28",62.2999992370605,62.8699989318848,61.75,62.1699981689453,11159600,61.8393783569336
"2024-05-29",61.2299995422363,61.5900001525879,60.8499984741211,61.0499992370605,8142800,60.7253379821777
"2024-05-30",62.7700004577637,63.3400001525879,62.1300010681152,62.5099983215332,11867500,62.1775703430176
"2024-05-31",62.7299995422363,63.560001373291,61.7700004577637,62.9900016784668,14269000,62.6550216674805
"2024-06-03",63.0400009155273,63.5200004577637,62.5800018310547,63.4599990844727,9039800,63.1225166320801
"2024-06-04",63.1399993896484,64.129997253418,63.0299987792969,63.3300018310547,9046100,62.9932136535645
"2024-06-05",63.7599983215332,63.810001373291,62.8499984741211,63.5299987792969,8846100,63.1921463012695
"2024-06-06",64.2850036621094,67.8199996948242,64.1699981689453,67.0199966430664,22068800,66.6635894775391
"2024-06-07",66.5,68.2990036010742,66.1999969482422,67.3000030517578,13195000,66.9421005249023
"2024-06-10",66.9700012207031,67.4899978637695,65.8000030517578,67.0899963378906,11972300,66.7332077026367
"2024-06-11",67.129997253418,67.1500015258789,64.4049987792969,64.7699966430664,15108700,64.4255523681641
"2024-06-12",65.4599990844727,65.8600006103516,62.9000015258789,63.4300003051758,14137500,63.0926818847656
"2024-06-13",63.1199989318848,63.625,61.5200004577637,61.5400009155273,11985400,61.2127304077148
"2024-06-14",61.2900009155273,61.6399993896484,60.310001373291,60.6349983215332,10366000,60.3125419616699
"2024-06-17",60.3699989318848,60.6399993896484,59.4809989929199,60.1300010681152,13558500,59.810230255127
"2024-06-18",59.9199981689453,60.1100006103516,59.0299987792969,59.1199989318848,13500300,58.8055953979492
"2024-06-20",59.25,60,58.7900009155273,59.7999992370605,12928500,59.4819831848145
"2024-06-21",59.9199981689453,60.7599983215332,59.6699981689453,60.6100006103516,18848700,60.2876777648926
"2024-06-24",60,60.560001373291,59.4599990844727,59.4900016784668,10464700,59.1736335754395
"2024-06-25",59.5699996948242,59.5699996948242,58.9700012207031,59.3300018310547,9248800,59.0144882202148
"2024-06-26",59.7400016784668,59.75,58.0299987792969,58.2599983215332,12599400,57.9501686096191
"2024-06-27",58.4799995422363,58.4900016784668,57.2099990844727,58.3699989318848,11648900,58.0595893859863
"2024-06-28",58.3199996948242,58.7599983215332,57.9000015258789,58.0299987792969,28102000,57.7213973999023
"2024-07-01",58.3600006103516,58.3650016784668,57.0299987792969,57.810001373291,12237500,57.502571105957
"2024-07-02",58.7799987792969,59.2700004577637,58.3199996948242,58.9700012207031,13231600,58.6563987731934
"2024-07-03",59.0299987792969,60.0099983215332,58.8950004577637,59.6399993896484,6908300,59.3228340148926
"2024-07-05",59.3800010681152,60.1599998474121,58.8300018310547,59.7599983215332,12243800,59.442195892334
"2024-07-08",59.7200012207031,60.0299987792969,58.6300010681152,59.0900001525879,10320400,58.7757606506348
"2024-07-09",58.9000015258789,59.7000007629395,58.4199981689453,59,8473600,58.6862373352051
"2024-07-10",59.0900001525879,59.310001373291,58.2000007629395,58.9000015258789,7697100,58.5867729187012
"2024-07-11",59.5499992370605,60.9300003051758,59.4300003051758,59.9900016784668,13082000,59.6709747314453
"2024-07-12",60.3899993896484,60.5200004577637,59.7799987792969,60.2700004577637,8166200,59.9494857788086
"2024-07-15",60.25,61.0200004577637,59.8199996948242,60.4700012207031,9443000,60.1484222412109
"2024-07-16",60.7999992370605,62.0200004577637,60.6800003051758,61.810001373291,9198800,61.4812965393066
"2024-07-17",61.1100006103516,61.8400001525879,60.6549987792969,61.2400016784668,8322100,60.9143295288086
"2024-07-18",60.5499992370605,61.3300018310547,59.939998626709,60,9102000,59.6809196472168
"2024-07-19",59.810001373291,59.8300018310547,58.75,59.3300018310547,9352900,59.0144882202148
"2024-07-22",59.9000015258789,60.7900009155273,59.5200004577637,60.7700004577637,7489500,60.4468269348145
"2024-07-23",60.7200012207031,60.9500007629395,59.689998626709,59.7099990844727,7572000,59.392463684082
"2024-07-24",59.5499992370605,59.6599998474121,57.9799995422363,58.0699996948242,11801700,57.7611808776855
"2024-07-25",58.1599998474121,58.6500015258789,57.2000007629395,57.2200012207031,12515700,56.9157028198242
"2024-07-26",57.5999984741211,58.310001373291,56.9700012207031,58.2900009155273,11323400,57.9800148010254
"2024-07-29",58.5,59.0999984741211,58.0699996948242,58.939998626709,12346800,58.6265563964844
"2024-07-30",62.7750015258789,65.0599975585938,62.4300003051758,64,44232800,63.6596488952637
"2024-07-31",65,66.9899978637695,64.1699981689453,65.7799987792969,25825900,65.43017578125
"2024-08-01",65.7799987792969,67.3000030517578,65.0199966430664,65.3099975585938,19086400,64.9626770019531
"2024-08-02",64,64.0400009155273,60.8899993896484,61.9799995422363,23117100,61.650390625
"2024-08-05",60.7000007629395,61.0550003051758,58.6500015258789,60.4599990844727,17445400,60.1384735107422
"2024-08-06",60.5999984741211,63.5800018310547,60.2999992370605,62.75,14358900,62.4162979125977
"2024-08-07",63.3450012207031,65.0100021362305,62.6399993896484,62.7400016784668,13464400,62.4063529968262
"2024-08-08",63.5499992370605,64.6750030517578,63.0999984741211,64.2799987792969,9761200,63.938159942627
"2024-08-09",64.8000030517578,65.5,64.4700012207031,64.7200012207031,8605300,64.3758239746094
"2024-08-12",64.9499969482422,65.129997253418,63.2849998474121,63.4599990844727,7519500,63.1225166320801
"2024-08-13",64,65.6399993896484,63.7200012207031,65.1100006103516,8638600,64.7637481689453
"2024-08-14",65.0599975585938,66.3899993896484,64.6600036621094,66.1399993896484,8944800,65.7882690429688
"2024-08-15",67.1600036621094,68.120002746582,67.0500030517578,67.9400024414062,12968300,67.5786972045898
"2024-08-16",67.370002746582,68.5500030517578,67.370002746582,67.9599990844727,9526800,67.5985870361328
"2024-08-19",68.2200012207031,69.4599990844727,68.1699981689453,69.4300003051758,9578100,69.0607681274414
"2024-08-20",70,72.5599975585938,69.4300003051758,71.8899993896484,23546000,71.507682800293
"2024-08-21",72.0650024414062,72.7699966430664,70.870002746582,71.4599990844727,10455500,71.0799713134766
"2024-08-22",71.7399978637695,73.25,70.9199981689453,71.5199966430664,11811100,71.1396484375
"2024-08-23",72,72.0699996948242,70.8399963378906,71.6999969482422,8222200,71.3186950683594
"2024-08-26",72.0699996948242,73.0299987792969,71.6699981689453,72.0400009155273,9063000,71.6568908691406
"2024-08-27",71.75,72.3499984741211,71.3000030517578,71.5899963378906,9396900,71.2092819213867
"2024-08-28",71.2699966430664,71.5899963378906,70.0250015258789,70.4300003051758,9277700,70.0554580688477
"2024-08-29",71.4000015258789,73.9300003051758,71.25,73.1600036621094,13181600,72.7709350585938
"2024-08-30",73.5100021362305,73.6900024414062,71.7600021362305,72.4300003051758,9635000,72.0448150634766
"2024-09-03",71.754997253418,72.947998046875,71.4000015258789,72,8571300,71.6171035766602
"2024-09-04",71.6050033569336,73.2399978637695,71.5899963378906,72.6100006103516,8369000,72.2238616943359
"2024-09-05",73.6600036621094,74.4000015258789,71.0149993896484,72.0299987792969,11473800,71.6469421386719
"2024-09-06",71.9400024414062,72.0500030517578,68.5500030517578,68.8899993896484,12315800,68.5236434936523
"2024-09-09",70.3919982910156,70.6500015258789,68.25,69.3499984741211,11869300,68.9811935424805
"2024-09-10",69.3399963378906,69.7399978637695,67.1500015258789,68.8499984741211,12317500,68.4838485717773
"2024-09-11",69.1600036621094,69.6999969482422,67.7600021362305,69.3499984741211,12344900,68.9811935424805
"2024-09-12",69.1399993896484,70.379997253418,69.0400009155273,70.3600006103516,8369100,69.9858245849609
"2024-09-13",70.0400009155273,70.620002746582,69.8600006103516,70.0999984741211,7572600,69.7272033691406
"2024-09-16",70.4599990844727,71.2399978637695,70.0699996948242,71.0699996948242,6495000,70.6920471191406
"2024-09-17",71.9300003051758,72.1699981689453,71.120002746582,71.7699966430664,6187200,71.3883285522461
"2024-09-18",71.4499969482422,73.870002746582,71.3600006103516,73.120002746582,13498200,72.7311477661133
"2024-09-19",75,78.245002746582,74.8099975585938,77.5699996948242,21662400,77.1574783325195
"2024-09-20",77.3099975585938,77.5699996948242,75.4619979858398,76.7600021362305,27274600,76.3517913818359
"2024-09-23",77.5299987792969,78.8000030517578,77.3499984741211,77.6699981689453,12839800,77.256950378418
"2024-09-24",77.879997253418,78.8300018310547,77.6699981689453,78.3399963378906,14724800,77.9233779907227
"2024-09-25",78.2300033569336,79.2600021362305,77.3399963378906,77.3600006103516,13822400,76.948600769043
"2024-09-26",78.9449996948242,80.4300003051758,78.4700012207031,80.0800018310547,13316700,79.6541366577148
"2024-09-27",80.4000015258789,80.629997253418,77.7300033569336,77.879997253418,11575300,77.4658355712891
"2024-09-30",77.870002746582,78.5950012207031,77.2399978637695,78.0299987792969,6846900,77.6150360107422
"2024-10-01",78.2099990844727,79.0100021362305,76.3899993896484,77.4700012207031,10608700,77.0580139160156
"2024-10-02",77.4700012207031,77.7699966430664,76.1800003051758,77.4400024414062,8073300,77.0281829833984
"2024-10-03",76.5299987792969,77.4000015258789,76.0400009155273,77.3099975585938,9121300,76.8988647460938
"2024-10-04",78.1600036621094,79.5299987792969,77.9850006103516,79.3600006103516,10070400,78.9379653930664
"2024-10-07",79.2900009155273,80.4899978637695,78.6149978637695,80.2600021362305,9206600,79.8331756591797
"2024-10-08",79.9899978637695,81.4000015258789,79.5749969482422,81.1600036621094,8618500,80.7283935546875
"2024-10-09",80.879997253418,82,80.8499984741211,81.6500015258789,6926000,81.2157897949219
"2024-10-10",79.9400024414062,80.0749969482422,78.5299987792969,78.9800033569336,11326100,78.5599899291992
"2024-10-11",79.5400009155273,80.7259979248047,79.1600036621094,80.5100021362305,7744800,80.0818481445312
"2024-10-14",80.3399963378906,80.9800033569336,79.8199996948242,80.6699981689453,5865400,80.2409973144531
"2024-10-15",80.1500015258789,81.0599975585938,78.6500015258789,79.5500030517578,7291600,79.1269607543945
"2024-10-16",79.8099975585938,80.8499984741211,79.4499969482422,80.8199996948242,5434800,80.3901977539062
"2024-10-17",80.75,80.9000015258789,79.2249984741211,79.8199996948242,8654000,79.3955154418945
"2024-10-18",79.5,80.9700012207031,78.9400024414062,80.9400024414062,8844300,80.5095596313477
"2024-10-21",80.3150024414062,81.3600006103516,80.0400009155273,80.5599975585938,7450300,80.1315765380859
"2024-10-22",80.0500030517578,81.4199981689453,80.0400009155273,80.9100036621094,7571300,80.4797286987305
"2024-10-23",81.2399978637695,82.2399978637695,80.0899963378906,80.8300018310547,7632100,80.400146484375
"2024-10-24",81.2350006103516,82.4800033569336,80.9199981689453,81.3899993896484,7398800,80.957160949707
"2024-10-25",82.0100021362305,82.8000030517578,81.4000015258789,81.6999969482422,7201000,81.2655181884766
"2024-10-28",82.0299987792969,83.6999969482422,81.879997253418,83.5899963378906,15243500,83.1454620361328
"2024-10-29",78.0400009155273,81.25,76.8099975585938,80.2799987792969,35206400,79.8530731201172
"2024-10-30",79.0299987792969,79.7099990844727,77.9899978637695,78.2200012207031,14910500,77.8040313720703
"2024-10-31",78.4899978637695,79.8199996948242,78.3000030517578,79.3000030517578,13919300,78.8782806396484
"2024-11-01",77.8649978637695,78.3089981079102,76.4599990844727,77.25,16473600,76.8391876220703
"2024-11-04",77.2600021362305,78.4400024414062,77,78.129997253418,10257000,77.7145004272461
"2024-11-05",77.7379989624023,79.4100036621094,77.7379989624023,79.25,6573900,78.8285446166992
"2024-11-06",81.3450012207031,81.6900024414062,79.995002746582,81.4100036621094,11546500,80.9770660400391
"2024-11-07",81.6949996948242,82.7399978637695,81.129997253418,81.3499984741211,7994300,80.9173812866211
"2024-11-08",81.4599990844727,83.0699996948242,81.3499984741211,83.0100021362305,8144200,82.5685577392578
"2024-11-11",84.0699996948242,87.4700012207031,83.379997253418,86.9400024414062,15459400,86.4776611328125
"2024-11-12",86.879997253418,87.9199981689453,85.6750030517578,86.4000015258789,10036900,85.9405288696289
"2024-11-13",86.8000030517578,87.9000015258789,86.0800018310547,87.3099975585938,9256600,86.8456878662109
"2024-11-14",87.0599975585938,87.4729995727539,85.4749984741211,85.7900009155273,8468300,85.3337707519531
"2024-11-15",85.3499984741211,86.1999969482422,85.1009979248047,85.8300018310547,8083200,85.3735580444336
"2024-11-18",86.0550003051758,86.8399963378906,84.5749969482422,84.6699981689453,10148100,84.2197265625
"2024-11-19",82.9899978637695,84.2350006103516,82.5,84.0899963378906,12442700,83.6428070068359
"2024-11-20",84.5100021362305,85.5999984741211,84.2399978637695,84.7399978637695,6076300,84.2893524169922
"2024-11-21",85.1600036621094,85.4899978637695,84.2099990844727,84.8199996948242,7250100,84.3689270019531
"2024-11-22",84.6800003051758,86.8000030517578,84.5699996948242,86.7699966430664,6786000,86.3085556030273
"2024-11-25",87.9899978637695,88.7399978637695,86.9700012207031,87.7699966430664,12998300,87.3032379150391
"2024-11-26",87.4000015258789,88.1800003051758,86.9000015258789,86.9400024414062,5610400,86.4776611328125
"2024-11-27",87.5500030517578,87.6600036621094,86.2699966430664,86.5699996948242,5477900,86.109619140625
"2024-11-29",86.3899993896484,87.0800018310547,85.8199996948242,86.7699966430664,4469700,86.3085556030273
"2024-12-02",86.5500030517578,87.4700012207031,85.8399963378906,86.5299987792969,7273500,86.0698394775391
"2024-12-03",86.4000015258789,86.4000015258789,84.6149978637695,85.1399993896484,8189800,84.6872253417969
"2024-12-04",85.6800003051758,90.1399993896484,85.2399978637695,89.3300018310547,15536000,88.8549423217773
"2024-12-05",89.5899963378906,90.2699966430664,88.2699966430664,89.0449981689453,9025600,88.5714569091797
"2024-12-06",89.4899978637695,90.0400009155273,88.5449981689453,89.879997253418,6955500,89.4020156860352
"2024-12-09",92.25,93.6600036621094,89.7300033569336,90,10714200,89.5213851928711
"2024-12-10",89.9400024414062,90,88.375,88.7600021362305,6697500,88.287971496582
"2024-12-11",88.620002746582,91.0299987792969,87.8399963378906,90.75,6657200,90.2673950195312
"2024-12-12",90.4300003051758,91.1699981689453,89.3349990844727,89.4000015258789,4711100,88.9245758056641
"2024-12-13",90.4199981689453,91.1849975585938,89.8199996948242,91.0199966430664,8358100,90.5359497070312
"2024-12-16",90.7900009155273,91.4599990844727,89.5199966430664,91.3000030517578,7402500,90.8144760131836
"2024-12-17",90.9000015258789,92,90.2300033569336,90.8600006103516,8395600,90.3768081665039
"2024-12-18",90.6949996948242,91.0899963378906,85.1760025024414,85.4499969482422,12583700,84.9955749511719
"2024-12-19",86.2799987792969,88.4199981689453,86.1600036621094,86.7799987792969,9522400,86.3185043334961
"2024-12-20",84.9100036621094,88.2300033569336,84.5,87.129997253418,22052700,86.6666412353516
"2024-12-23",86.4700012207031,87.2399978637695,85.9700012207031,86.9000015258789,5633100,86.4378662109375
"2024-12-24",86.9000015258789,88.3300018310547,86.5899963378906,88.25,3276300,87.7806930541992
"2024-12-26",87.5999984741211,88.7300033569336,87.2600021362305,88.1399993896484,4800600,87.671272277832
"2024-12-27",87.3600006103516,87.6549987792969,86.2030029296875,86.8600006103516,5125000,86.398078918457
"2024-12-30",85.6900024414062,86.068000793457,84.6600036621094,85.4300003051758,5855000,84.9756851196289
"2024-12-31",85.7350006103516,85.9000015258789,85.0500030517578,85.3499984741211,4533200,84.8961029052734
"2025-01-02",85.8349990844727,86.9400024414062,84.8199996948242,86.1800003051758,6224500,85.7216949462891
"2025-01-03",86.7300033569336,87.6999969482422,86.3099975585938,87.5999984741211,6132500,87.1341400146484
"2025-01-06",88.0199966430664,90.0899963378906,87.7200012207031,89.5299987792969,7869200,89.0538787841797
"2025-01-07",89.5299987792969,89.9700012207031,87.5999984741211,87.9700012207031,6080800,87.5021743774414
"2025-01-08",88.0599975585938,88.2300033569336,86.7900009155273,87.9400024414062,7400000,87.4723358154297
"2025-01-10",86.7900009155273,87.0899963378906,82.2399978637695,83.3600006103516,11341200,82.9166946411133
"2025-01-13",82.1900024414062,84.120002746582,81.7900009155273,83.9899978637695,7402400,83.5433349609375
"2025-01-14",85.2900009155273,87.4000015258789,84.75,87.1800003051758,8958400,86.7163772583008
"2025-01-15",88.7200012207031,90.1900024414062,88.4700012207031,89.6399993896484,10024100,89.1632919311523
"2025-01-16",89.9599990844727,90.3730010986328,88.8499984741211,88.9199981689453,5816400,88.4471206665039
"2025-01-17",90.7600021362305,93.245002746582,90.004997253418,91.8099975585938,16499700,91.3217468261719
"2025-01-21",92.2099990844727,92.2099990844727,89.3899993896484,89.7699966430664,12629300,89.2926025390625
"2025-01-22",90,90.370002746582,89.1399993896484,89.8499984741211,7345700,89.3721771240234
"2025-01-23",89.7600021362305,89.7799987792969,88.2399978637695,89.7300033569336,7540600,89.252815246582
"2025-01-24",89.5899963378906,90.0240020751953,88.8399963378906,89.1100006103516,6004700,88.636116027832
"2025-01-27",87.5449981689453,90.2900009155273,87.3899993896484,90.2399978637695,6923800,89.7601013183594
"2025-01-28",89.7600021362305,89.8300018310547,86.879997253418,88.1900024414062,8666000,87.7210083007812
"2025-01-29",88.1699981689453,89.4150009155273,88.1699981689453,88.7600021362305,5234500,88.287971496582
"2025-01-30",89.5100021362305,90.9250030517578,88.8399963378906,89.5699996948242,7708500,89.0936737060547
"2025-01-31",89.5699996948242,90.4000015258789,88.5400009155273,88.5800018310547,8331400,88.1089324951172
"2025-02-03",86.5,89.7099990844727,86,89.5100021362305,11215000,89.0339889526367
"2025-02-04",82.2600021362305,82.6900024414062,77.379997253418,77.7249984741211,58801900,77.311653137207
"2025-02-05",78.2099990844727,79.5,77.6699981689453,79.1999969482422,23631900,78.77880859375
"2025-02-06",79.6800003051758,79.7399978637695,78.1100006103516,78.5699996948242,14440500,78.1521682739258
"2025-02-07",79,79.4899978637695,77.2300033569336,77.3099975585938,13597300,76.8988647460938
"2025-02-10",78.1600036621094,78.9199981689453,77.6100006103516,78.2399978637695,11815600,77.8239212036133
"2025-02-11",77.8150024414062,77.8499984741211,76.0400009155273,76.2099990844727,15769400,75.8047103881836
"2025-02-12",75.4199981689453,76.8499984741211,75.3000030517578,76.2699966430664,11782500,75.864387512207
"2025-02-13",76.370002746582,76.9250030517578,75.7300033569336,76.5899963378906,9958600,76.1826858520508
"2025-02-14",76.9000015258789,78.3300018310547,76.629997253418,77.9700012207031,10504600,77.5553512573242
"2025-02-18",78.1999969482422,78.7600021362305,77.5009994506836,78.620002746582,11281200,78.201904296875
"2025-02-19",78.5,79,77.5350036621094,78.3600006103516,9082300,77.9432754516602
"2025-02-20",78.120002746582,78.1699981689453,76.8499984741211,77.629997253418,9319300,77.2171630859375
"2025-02-21",77.4400024414062,77.4800033569336,74.75,74.9499969482422,15171700,74.5514144897461
"2025-02-24",75.245002746582,75.879997253418,73.9700012207031,75.25,12873300,74.8498229980469
"2025-02-25",77.1350021362305,77.568000793457,72.6999969482422,74.0699996948242,20647200,73.6760940551758
"2025-02-26",74.3300018310547,74.4800033569336,71.7699966430664,72.0500030517578,15277600,71.6668395996094
"2025-02-27",72.1500015258789,72.5500030517578,70.5800018310547,70.7300033569336,11661200,70.3538589477539
"2025-02-28",70.5,71.120002746582,69.681999206543,71.0500030517578,13601300,70.6721572875977
"2025-03-03",71.0999984741211,71.5699996948242,69.5,69.75,15753700,69.3790664672852
"2025-03-04",69,69.0800018310547,66.3399963378906,67.4800033569336,20180000,67.1211395263672
"2025-03-05",67.9800033569336,69.6900024414062,67.6999969482422,69.5,14464300,69.1304016113281
"2025-03-06",68.8199996948242,69.8600006103516,67.6589965820312,68.0800018310547,11226900,67.7179489135742
"2025-03-07",67.9700012207031,70.9800033569336,67.8249969482422,70.4800033569336,16388300,70.1051940917969
"2025-03-10",69.0199966430664,69.9700012207031,66.9899978637695,68.1600036621094,15035200,67.7975311279297
"2025-03-11",68.4100036621094,68.9499969482422,67.1650009155273,67.9800033569336,12133100,67.6184844970703
"2025-03-12",68.870002746582,69.379997253418,67.9049987792969,68.620002746582,11545800,68.2550811767578
"2025-03-13",68.3300018310547,68.9100036621094,66.6999969482422,66.9100036621094,9778300,66.5541763305664
"2025-03-14",67.8099975585938,69.1399993896484,67.5199966430664,68.9499969482422,9828700,68.5833206176758
"2025-03-17",68.6699981689453,70.2200012207031,67.9800033569336,69.6500015258789,7971200,69.2796020507812
"2025-03-18",69.0699996948242,69.4599990844727,68.2900009155273,68.879997253418,7520800,68.5136947631836
"2025-03-19",69.0999984741211,70.4800033569336,68.8199996948242,70,6876400,69.6277389526367
"2025-03-20",69.4349975585938,70.8099975585938,69.25,69.6699981689453,7453600,69.2994918823242
"2025-03-21",68.620002746582,70.4100036621094,68.5500030517578,70.1900024414062,14603800,69.8167266845703
"2025-03-24",71.5500030517578,71.6600036621094,70.504997253418,70.9700012207031,9911000,70.5925827026367
"2025-03-25",71,71.7099990844727,70.5479965209961,70.8600006103516,6690600,70.4831695556641
"2025-03-26",70.9300003051758,71.620002746582,69.5449981689453,69.9700012207031,7449600,69.597900390625
"2025-03-27",69.0599975585938,69.9550018310547,68.6999969482422,68.8600006103516,7883100,68.4937973022461
"2025-03-28",68.0599975585938,68.2399978637695,64.9499969482422,65.1500015258789,16536300,64.8035354614258
"2025-03-31",64.2799987792969,65.4300003051758,63.4000015258789,65.25,11562000,64.9029998779297
"2025-04-01",64.620002746582,66.3600006103516,64.5999984741211,66.0999984741211,8000600,65.7484817504883
"2025-04-02",65.25,67.5699996948242,65.0999984741211,67.1500015258789,8123000,66.7928924560547
"2025-04-03",63.0999984741211,63.939998626709,60.9500007629395,61.7099990844727,18479900,61.3818283081055
"2025-04-04",60,60.189998626709,57.3199996948242,58.3699989318848,22125000,58.0595893859863
"2025-04-07",56.7400016784668,61.4799995422363,55.8499984741211,58.5299987792969,20263200,58.2187347412109
"2025-04-08",59.7599983215332,61.2599983215332,56.4599990844727,57.4099998474121,16533600,57.1046905517578
"2025-04-09",56.6699981689453,64.1699981689453,56.5099983215332,63.9500007629395,22502000,63.6099128723145
"2025-04-10",62.2999992370605,62.4500007629395,58.939998626709,60.560001373291,14398100,60.2379455566406
"2025-04-11",60.5299987792969,62.810001373291,60.4459991455078,62.5900001525879,12919400,62.2571449279785
"2025-04-14",63.7000007629395,63.9000015258789,61.689998626709,62.2700004577637,8997500,61.938850402832
"2025-04-15",62.3600006103516,62.7900009155273,61.6450004577637,62,9140800,61.6702842712402
"2025-04-16",61.375,61.4599990844727,59.7200012207031,60.2400016784668,9833600,59.9196434020996
"2025-04-17",60.3499984741211,61.4700012207031,60.1319999694824,61,9023700,60.6756019592285
"2025-04-21",60.2400016784668,60.9599990844727,59.4550018310547,60.2849998474121,7354100,59.9644050598145
"2025-04-22",60.7299995422363,61.9099998474121,59.9500007629395,61.4199981689453,9390100,61.0933685302734
"2025-04-23",62.7150001525879,64.5699996948242,62.1699981689453,62.4599990844727,9838900,62.1278381347656
"2025-04-24",62.9000015258789,64.8300018310547,62.7599983215332,64.7699966430664,10877000,64.4255523681641
"2025-04-25",64.4850006103516,65.4199981689453,64.4850006103516,65.3399963378906,8693400,64.9925155639648
"2025-04-28",65.3050003051758,65.8199996948242,64.129997253418,64.9300003051758,14251500,64.5847015380859
"2025-04-29",66.370002746582,67.4300003051758,64.3600006103516,66.3199996948242,19706800,65.9673080444336
"2025-04-30",65.1549987792969,65.9899978637695,63.5400009155273,65.8399963378906,10293800,65.489860534668
"2025-05-01",65.620002746582,66.120002746582,64.8499984741211,65.4100036621094,10073000,65.0621490478516
"2025-05-02",66.1350021362305,67.7600021362305,65.9800033569336,67.2399978637695,10081500,66.8824157714844
"2025-05-05",66.9599990844727,69.3600006103516,66.9100036621094,68.5400009155273,12000300,68.1755065917969
"2025-05-06",67.9499969482422,68.9300003051758,67.8000030517578,68.0500030517578,7659400,67.6881103515625
"2025-05-07",68.3349990844727,68.9400024414062,67.7200012207031,68.6900024414062,8103700,68.3247146606445
"2025-05-08",69.3000030517578,70.9459991455078,69.3000030517578,70.4800033569336,11791500,70.1051940917969
"2025-05-09",70.870002746582,71.3199996948242,70.0100021362305,70.2600021362305,7470500,69.886360168457
"2025-05-12",72.9700012207031,74.1500015258789,71.8499984741211,72.3099975585938,12513000,71.9254531860352
"2025-05-13",72.4100036621094,72.6500015258789,71.8899993896484,72.2900009155273,8076200,71.9055633544922
"2025-05-14",72.6600036621094,73.3399963378906,72.2399978637695,72.6800003051758,7724000,72.2934875488281
"2025-05-15",72.3399963378906,72.6699981689453,71.4400024414062,71.5699996948242,8116500,71.1893920898438
"2025-05-16",71.4700012207031,72.2200012207031,71.0800018310547,72.1800003051758,8717900,71.7961502075195
"2025-05-19",71.1600036621094,72.5400009155273,71.1100006103516,72.3199996948242,7434900,71.9354019165039
"2025-05-20",71.8899993896484,72.7799987792969,71.7399978637695,72.6100006103516,8403200,72.2238616943359
"2025-05-21",72.1999969482422,73.2040023803711,71.504997253418,71.6500015258789,8094300,71.2689666748047
"2025-05-22",71.4749984741211,71.9850006103516,71.2799987792969,71.4499969482422,6451000,71.0700225830078
"2025-05-23",69.4599990844727,70.1399993896484,69.4100036621094,69.8499984741211,7683600,69.4785385131836
"2025-05-27",70.75,71.995002746582,70.6650009155273,71.4800033569336,8770900,71.0998687744141
"2025-05-28",71.5800018310547,72.0350036621094,71.0999984741211,71.4400024414062,6292100,71.0600814819336
"2025-05-29",72.1600036621094,72.4489974975586,70.25,70.9300003051758,7058300,70.5527954101562
"2025-05-30",70.9599990844727,71.0800018310547,69.5199966430664,70.2799987792969,14937200,69.90625
"2025-06-02",69.2750015258789,70.9599990844727,69.0500030517578,70.9300003051758,7518200,70.5527954101562
"2025-06-03",71,71.4300003051758,69.8600006103516,71.3300018310547,7316400,70.9506683349609
"2025-06-04",71.4899978637695,73.0699996948242,71.3300018310547,72.8000030517578,7712300,72.4128494262695
"2025-06-05",72.7949981689453,73.5500030517578,72.0800018310547,72.4700012207031,6323600,72.084602355957
"2025-06-06",73.2649993896484,73.620002746582,72.6399993896484,73.4300003051758,7240200,73.0395050048828
"2025-06-09",73.6999969482422,73.9700012207031,72.9499969482422,73.5500030517578,6166500,73.1588592529297
"2025-06-10",73.5800018310547,75.2699966430664,73.3199996948242,74.7600021362305,9510700,74.362434387207
"2025-06-11",75.0999984741211,75.2099990844727,73.9300003051758,74.6100006103516,7706100,74.2132263183594
"2025-06-12",74.0199966430664,75.306999206543,74,74.8099975585938,8644600,74.4121627807617
"2025-06-13",73.3000030517578,74.2149963378906,70.5309982299805,70.8300018310547,16744400,70.4533309936523
"2025-06-16",71.629997253418,72.4850006103516,71.0699996948242,72.2600021362305,7195500,71.8757171630859
"2025-06-17",71.9199981689453,72.0999984741211,70.4649963378906,70.6699981689453,7374300,70.2941741943359
"2025-06-18",70.5100021362305,71.2760009765625,67.5199966430664,68.5699996948242,20427700,68.2053451538086
"2025-06-20",68.8300018310547,70.5500030517578,68.5500030517578,70.0500030517578,18497900,69.6774826049805
"2025-06-23",71,72.1470031738281,70.1600036621094,72.0100021362305,11447900,71.6270523071289
"2025-06-24",73.125,73.9400024414062,72.5500030517578,73.5800018310547,9500900,73.1886978149414
"2025-06-25",74.1399993896484,74.25,72.4150009155273,73.0699996948242,7851900,72.6814193725586
"2025-06-26",73.245002746582,73.379997253418,71.6100006103516,73.1699981689453,10235600,72.780876159668
"2025-06-27",73.2699966430664,73.75,72.8550033569336,73.6399993896484,10449500,73.2483825683594
"2025-06-30",73.9400024414062,74.5400009155273,73.6600036621094,74.3199996948242,7738000,73.9247665405273
"2025-07-01",73.9499969482422,75.6949996948242,73.8000030517578,75.2900009155273,8633800,74.8896026611328
"2025-07-02",75.0100021362305,76.8649978637695,75,76.3099975585938,9361500,75.904182434082
"2025-07-03",76.7099990844727,77.3600006103516,76.4749984741211,76.5899963378906,5263400,76.1826858520508
"2025-07-07",76.2099990844727,76.8300018310547,75.620002746582,76.1800003051758,5918600,75.7748718261719
"2025-07-08",76.4400024414062,76.5149993896484,74.5100021362305,75.0299987792969,8758400,74.630989074707
"2025-07-09",75.4899978637695,75.7900009155273,74.375,74.8300018310547,6755700,74.4320602416992
"2025-07-10",74.4550018310547,76.2200012207031,74.129997253418,75.6999969482422,6380200,75.2974243164062
"2025-07-11",75.1699981689453,75.1999969482422,70.7900009155273,71.3600006103516,21877700,70.9805145263672
"2025-07-14",71.5599975585938,74.3099975585938,71.5400009155273,73.8899993896484,12993900,73.4970550537109
"2025-07-15",73.7699966430664,73.9100036621094,72.9400024414062,72.9599990844727,7333600,72.5719985961914
"2025-07-16",73.2600021362305,73.5800018310547,71.7300033569336,72.9700012207031,9671100,72.5819473266602
"2025-07-17",72.4700012207031,74.1800003051758,72.3499984741211,73.8600006103516,8522700,73.4672164916992
"2025-07-18",74.0999984741211,74.3499984741211,73.2839965820312,74.1699981689453,9011600,73.7755584716797
"2025-07-21",74.3499984741211,76.2300033569336,74.2399978637695,74.8199996948242,8200400,74.4221115112305
"2025-07-22",74.7649993896484,76.1500015258789,74.7649993896484,76,9094400,75.595832824707
"2025-07-23",76.9250030517578,77.2300033569336,75.9100036621094,76.6600036621094,9283200,76.252326965332
"2025-07-24",77.7399978637695,78.7600021362305,77.3499984741211,77.8199996948242,10504300,77.4061584472656
"2025-07-25",77.5899963378906,78.8150024414062,77.5,77.9800033569336,6888100,77.565299987793
"2025-07-28",78.5100021362305,79.5,77.9300003051758,78.2200012207031,15978400,77.8040313720703
"2025-07-29",71.7300033569336,73.2799987792969,70.3099975585938,71.4499969482422,42890700,71.0700225830078
"2025-07-30",72.1900024414062,72.2050018310547,69.5550003051758,69.7099990844727,20790400,69.3392791748047
"2025-07-31",69.4749984741211,70.0550003051758,68.4599990844727,68.7600021362305,16657600,68.3943405151367
"2025-08-01",68,68.3499984741211,66.5699996948242,67.1100006103516,15181100,66.7531051635742
"2025-08-04",67.8249969482422,68.5699996948242,67.2750015258789,68.0100021362305,11756800,67.648323059082
"2025-08-05",68.4599990844727,68.6699981689453,67.4100036621094,67.8300018310547,10714700,67.4692840576172
"2025-08-06",68.3000030517578,69.6100006103516,68.2089996337891,69.4199981689453,11913000,69.0508193969727
"2025-08-07",70,70.1699981689453,67.6800003051758,68.2200012207031,10129300,67.8572082519531
"2025-08-08",68.4400024414062,68.6100006103516,67.4199981689453,67.6500015258789,9683400,67.2902374267578
"2025-08-11",67.8099975585938,68.4800033569336,66.9000015258789,67.0800018310547,10118600,66.7232666015625
"2025-08-12",67.2399978637695,68.7399978637695,67.2300033569336,67.9700012207031,9747500,67.6085357666016
"2025-08-13",68.2300033569336,70.7300033569336,68.1500015258789,70.629997253418,12344700,70.2543869018555
"2025-08-14",69.4400024414062,69.8199996948242,68.2300033569336,69.379997253418,10695400,69.0110321044922
"2025-08-15",69.5699996948242,70.1600036621094,69.1600036621094,69.2300033569336,8128000,68.8618316650391
"2025-08-18",69.3099975585938,69.9850006103516,69.2300033569336,69.5299987792969,8410200,69.1602401733398
"2025-08-19",69.7900009155273,70.3649978637695,68.9300003051758,69.0500030517578,9052800,68.6827926635742
"2025-08-20",68.9400024414062,69.1100006103516,67.6800003051758,68.0800018310547,9992300,67.7179489135742
"2025-08-21",67.6800003051758,67.870002746582,66.9250030517578,67.5500030517578,7039500,67.1907730102539
"2025-08-22",67.9100036621094,70.1500015258789,67.8199996948242,69.9000015258789,9394100,69.5282745361328
"2025-08-25",69.6500015258789,69.8099975585938,69.0400009155273,69.4800033569336,6460300,69.1105117797852
"2025-08-26",69.4000015258789,70.25,69.1800003051758,70.1800003051758,9471500,69.8067779541016
"2025-08-27",68.7300033569336,70.0800018310547,68.6910018920898,69.6500015258789,8648200,69.2796020507812
"2025-08-28",70,70.5599975585938,69.5299987792969,70.0599975585938,5882000,69.6874237060547
"2025-08-29",70.0199966430664,70.6999969482422,69.9000015258789,70.1900024414062,5636300,69.8167266845703
"2025-09-02",68.9199981689453,69.3740005493164,68.1500015258789,69.25,12882500,68.8817291259766
"2025-09-03",68.9100036621094,69.8899993896484,68.8000030517578,69.6399993896484,11808200,69.269660949707
"2025-09-04",69.6999969482422,69.9000015258789,66.2300033569336,68.4599990844727,14063500,68.0959243774414
"2025-09-05",68.879997253418,69.9400024414062,68.1699981689453,68.2600021362305,7794300,67.8969955444336
"2025-09-08",68.4599990844727,68.5899963378906,67.8000030517578,68.4000015258789,7954900,68.036247253418
"2025-09-09",68.1999969482422,68.5,67.5299987792969,67.6800003051758,8776500,67.3200759887695
"2025-09-10",67.4800033569336,68.0299987792969,65.2350006103516,65.6399993896484,14352500,65.2909317016602
"2025-09-11",65.75,67.3499984741211,65.7099990844727,67.2699966430664,11154400,66.9122543334961
"2025-09-12",67.2099990844727,67.75,66.8600006103516,66.8899993896484,7505600,66.5342788696289
"2025-09-15",67.3000030517578,68.1900024414062,66.8030014038086,67.1100006103516,9597900,66.7531051635742
"2025-09-16",66.8349990844727,67.1399993896484,66.1050033569336,66.8499984741211,9353900,66.4944915771484
"2025-09-17",67.1399993896484,69.2699966430664,67,68.620002746582,18607800,68.2550811767578
"2025-09-18",70.0800018310547,70.3000030517578,68.3300018310547,68.5199966430664,14330500,68.1556091308594
"2025-09-19",68.7600021362305,68.8499984741211,67.9250030517578,68.2200012207031,19774200,67.8572082519531
"2025-09-22",67.7600021362305,68.1100006103516,67.0500030517578,67.6800003051758,13298200,67.3200759887695
"2025-09-23",67.8050003051758,68.9899978637695,67.120002746582,67.3099975585938,10449000,66.9520416259766
"2025-09-24",67.6500015258789,68.5800018310547,67.4400024414062,67.8600006103516,9180600,67.4991226196289
"2025-09-25",67.2600021362305,67.4899978637695,66.1999969482422,66.7399978637695,10773700,66.3850708007812
"2025-09-26",67,67.629997253418,66.3199996948242,67.3000030517578,8431600,66.9421005249023
"2025-09-29",67.9599990844727,71.2600021362305,67.8899993896484,69.6800003051758,28497000,69.309440612793
"2025-09-30",69.8249969482422,69.8300018310547,66.8499984741211,67.0599975585938,21464800,66.703369140625
"2025-10-01",66.9000015258789,67.8000030517578,66.2200012207031,66.6600036621094,17050100,66.3055038452148
"2025-10-02",67.0699996948242,68.9499969482422,66.9499969482422,68.9300003051758,13461600,68.5634307861328
"2025-10-03",68.0999984741211,69.5299987792969,67.75,69.25,12219800,68.8817291259766
"2025-10-06",70.2200012207031,71.870002746582,69.4520034790039,71.2900009155273,16769900,70.9108810424805
"2025-10-07",74.0699996948242,75.6750030517578,73.0599975585938,74.6100006103516,31977500,74.2132263183594
"2025-10-08",75.2350006103516,76.5,73.2750015258789,76.129997253418,17904800,75.7251434326172
"2025-10-09",77.1900024414062,77.3399963378906,75.0329971313477,75.75,15774400,75.3471603393555
"2025-10-10",76.1100006103516,76.9000015258789,69.7600021362305,69.8399963378906,22326500,69.4685897827148
"2025-10-13",70.7200012207031,70.9300003051758,68.1620025634766,68.8600006103516,20036800,68.4937973022461
"2025-10-14",67.4100036621094,69.7099990844727,66.7699966430664,69.1500015258789,12968500,68.7822647094727
"2025-10-15",69.3850021362305,69.875,67.8399963378906,67.9800033569336,11247300,67.6184844970703
"2025-10-16",68.129997253418,68.5999984741211,65.4199981689453,66.0500030517578,19258500,65.6987533569336
"2025-10-17",65.5350036621094,67.7099990844727,65.4499969482422,67.4100036621094,11151500,67.0515213012695
"2025-10-20",67.6750030517578,69.4700012207031,67.6500015258789,69.1999969482422,10016100,68.8319931030273
"2025-10-21",69.0199966430664,70.3600006103516,68.8300018310547,70.0500030517578,9032000,69.6774826049805
"2025-10-22",69.1699981689453,69.370002746582,67.9100036621094,68.0699996948242,8173400,67.7080001831055
"2025-10-23",68.0699996948242,70.0599975585938,68.0500030517578,69.6600036621094,8199000,69.28955078125
"2025-10-24",70.1500015258789,71.25,69.7399978637695,69.7699966430664,8638200,69.3989562988281
"2025-10-27",70.8550033569336,71.870002746582,70.129997253418,70.25,18821300,69.8764114379883
"2025-10-28",76.2099990844727,79.2149963378906,72.8300018310547,73.0199966430664,83722300,72.6316757202148
"2025-10-29",72.6999969482422,72.7300033569336,69.3150024414062,69.6800003051758,38505400,69.309440612793
"2025-10-30",69.8349990844727,70.7699966430664,67.9000015258789,67.9300003051758,19550800,67.5687484741211
"2025-10-31",68.2699966430664,69.5800018310547,67.620002746582,69.2699966430664,18370100,68.9016189575195
"2025-11-03",69.5250015258789,70.3499984741211,67.7050018310547,68.3399963378906,14619000,67.9765625
"2025-11-04",67.2300033569336,67.2890014648438,65.9499969482422,66.0800018310547,19711800,65.7285919189453
"2025-11-05",66.0199966430664,68.2099990844727,65.9000015258789,68.0599975585938,13606100,67.6980514526367
"2025-11-06",67.8000030517578,68.0699996948242,66.2099990844727,66.2600021362305,11480200,65.9076309204102
"2025-11-07",65.5,66.5149993896484,64.7799987792969,66.2200012207031,13449300,65.8678436279297
"2025-11-10",67.0599975585938,67.4300003051758,65.7419967651367,66.25,11129900,65.8976821899414
"2025-11-11",66.25,67.9499969482422,66.2300033569336,67.4000015258789,10032500,67.0415725708008
"2025-11-12",67.5299987792969,67.9899978637695,66.9000015258789,67.1999969482422,10134000,66.8426284790039
"2025-11-13",66.5100021362305,67.2799987792969,65.1500015258789,65.3300018310547,14185800,64.9825744628906
"2025-11-14",64.1100006103516,64.6500015258789,62.75,62.810001373291,21979900,62.4759750366211
"2025-11-17",62.810001373291,63.1699981689453,61.2900009155273,61.8899993896484,20632700,61.5608711242676
"2025-11-18",61.3899993896484,61.6399993896484,60.4700012207031,60.7000007629395,18446600,60.377197265625
"2025-11-19",60.6100006103516,60.7599983215332,59.1599998474121,60.1100006103516,25061900,59.9285545349121
"2025-11-20",60.5750007629395,60.7150001525879,58,58.1049995422363,21059300,57.9296073913574
"2025-11-21",58.2400016784668,60.9599990844727,58.0400009155273,60.5699996948242,20849400,60.3871650695801
"2025-11-24",60.6100006103516,60.8300018310547,59.8499984741211,60.560001373291,21013500,60.377197265625
"2025-11-25",60.8600006103516,61.9749984741211,60.7200012207031,61.2200012207031,11065200,61.0352058410645
"2025-11-26",61.4000015258789,62.1599998474121,61.1699981689453,61.8300018310547,8335300,61.6433639526367
"2025-11-28",62.2299995422363,63.0550003051758,62.1300010681152,62.689998626709,7875900,62.5007667541504
"2025-12-01",62.0499992370605,63.2099990844727,61.8300018310547,62.5800018310547,10923300,62.3911018371582
"2025-12-02",62.9199981689453,63.8349990844727,62.1500015258789,62.9000015258789,10834100,62.710132598877
"2025-12-03",62.8499984741211,63.9300003051758,60.4099998474121,61.2400016784668,24402800,61.0551452636719
"2025-12-04",60.5,62.0999984741211,60.3849983215332,61.7299995422363,15994300,61.5436630249023
"2025-12-05",61.6699981689453,62.939998626709,61.4799995422363,62.2799987792969,11152900,62.0920028686523
"2025-12-08",62.4249992370605,62.5099983215332,60.9900016784668,61.1199989318848,12544000,60.9355049133301
"2025-12-09",60.75,61.5,60.4900016784668,60.7799987792969,13214700,60.5965309143066
"2025-12-10",60.4900016784668,61.476001739502,60.1599998474121,61.1599998474121,19985100,60.9753837585449
"2025-12-11",60.0750007629395,61.7900009155273,59.8499984741211,61.689998626709,14023800,61.5037841796875
"2025-12-12",61.0800018310547,62.1500015258789,61,61.6599998474121,15964000,61.473876953125
"2025-12-15",61.9599990844727,62.8199996948242,60.625,60.7400016784668,18187500,60.5566558837891
"2025-12-16",61.689998626709,62.1459999084473,60.9500007629395,61.3300018310547,17316800,61.1448745727539
"2025-12-17",61.3899993896484,62.4099998474121,60.1300010681152,60.1800003051758,16357800,59.9983444213867
"2025-12-18",59.5900001525879,60.3199996948242,58.9150009155273,59.439998626709,23734500,59.2605743408203
"2025-12-19",58.9199981689453,60.1150016784668,58.7999992370605,59.810001373291,31927500,59.6294631958008
"2025-12-22",59.9599990844727,60.5449981689453,59.7599983215332,59.8600006103516,13976100,59.6793098449707
"2025-12-23",59.8300018310547,60.0699996948242,58.939998626709,59.4099998474121,12153600,59.2306671142578
"2025-12-24",59.3320007324219,60.1450004577637,59.310001373291,60.0400009155273,5491700,59.8587684631348
"2025-12-26",60,60.1100006103516,59.5349998474121,59.9700012207031,7537800,59.7889785766602
"2025-12-29",59.8499984741211,60.1399993896484,59.125,59.4900016784668,12910100,59.3104286193848
"2025-12-30",59.4599990844727,59.5999984741211,59.0800018310547,59.0999984741211,11277900,58.9216003417969
"2025-12-31",59.0299987792969,59.0400009155273,58.3400001525879,58.3800010681152,13027300,58.2037773132324
"2026-01-02",58.6699981689453,58.7999992370605,57.6500015258789,58.1399993896484,14693100,57.9645004272461
"2026-01-05",58.0099983215332,60.1049995422363,57.9000015258789,59.2900009155273,17115900,59.1110305786133
"2026-01-06",59.2700004577637,59.935001373291,58.9799995422363,59.810001373291,11110800,59.6294631958008
"2026-01-07",59.8650016784668,60.1349983215332,58.2550010681152,58.5099983215332,18044300,58.333381652832
"2026-01-08",58.0200004577637,59,57.7700004577637,58.2700004577637,13105200,58.094108581543
"2026-01-09",58.7999992370605,58.8600006103516,57.2799987792969,57.6599998474121,15061500,57.4859504699707
"2026-01-12",57.6100006103516,57.7799987792969,56.7599983215332,57.2900009155273,19898900,57.1170692443848
"2026-01-13",57.2099990844727,57.2999992370605,56.2750015258789,56.560001373291,15900500,56.3892707824707
"2026-01-14",56.4000015258789,57.7900009155273,56.2700004577637,57.6599998474121,16039900,57.4859504699707
"2026-01-15",57.7400016784668,57.8619995117188,56.5999984741211,56.7400016784668,16405300,56.5687294006348
"2026-01-16",56.7900009155273,56.9700012207031,56.2400016784668,56.8899993896484,15116900,56.7182731628418
"2026-01-20",55.5800018310547,56.0769996643066,55.0149993896484,55.0800018310547,19744400,54.9137382507324
"2026-01-21",55.5200004577637,56.3300018310547,55.0950012207031,55.8899993896484,15117000,55.7212905883789
"2026-01-22",56.5900001525879,57.5499992370605,56.5499992370605,57.1500015258789,14540700,56.9774894714355
"2026-01-23",56.8300018310547,56.9850006103516,56.4099998474121,56.6199989318848,8758900,56.449089050293
"2026-01-26",56.5699996948242,57.1199989318848,56.4949989318848,56.5999984741211,9971400,56.4291496276855
"2026-01-27",56.5,56.6300010681152,55.2050018310547,55.5099983215332,14240700,55.3424377441406
"2026-01-28",55.0099983215332,55.4900016784668,53.6450004577637,54.0800018310547,19222700,53.9167594909668
"2026-01-29",54.1199989318848,54.1699981689453,52.5299987792969,53.1100006103516,19463500,52.9496841430664
"2026-01-30",52.439998626709,52.9500007629395,52.060001373291,52.689998626709,18607800,52.5309524536133
"2026-02-02",52.5,53.439998626709,52.3219985961914,52.3300018310547,27452900,52.1720390319824
"2026-02-03",42.8849983215332,43.7000007629395,41.4300003051758,41.7000007629395,141690600,41.5741271972656
"2026-02-04",41.5999984741211,41.8400001525879,39.9599990844727,41.0299987792969,58018000,40.9061470031738
"2026-02-05",40.5999984741211,41.0099983215332,38.8800010681152,39.9000015258789,42842800,39.7795600891113
"2026-02-06",40.25,40.6100006103516,39.3800010681152,40.4199981689453,34921700,40.2979888916016
"2026-02-09",40.2099990844727,41.2700004577637,39.810001373291,41.1500015258789,26034300,41.0257873535156
"2026-02-10",40.75,42.3499984741211,40.75,41.4900016784668,22787700,41.3647613525391
"2026-02-11",41.5,41.6199989318848,40.0099983215332,40.4599990844727,21538900,40.3378677368164
"2026-02-12",40.2849998474121,40.2849998474121,38.4599990844727,39.0800018310547,28004800,38.9620361328125
"2026-02-13",39.2400016784668,40.3699989318848,39.0890007019043,40.2900009155273,25092400,40.168384552002
"2026-02-17",40.5,41.5999984741211,40.3699989318848,40.810001373291,20342500,40.6868133544922
"2026-02-18",40.7700004577637,41.7599983215332,40.5900001525879,41.4500007629395,17925500,41.3248825073242
"2026-02-19",41.1049995422363,41.7900009155273,40.8499984741211,41.7299995422363,24646900,41.6040344238281
"2026-02-20",41.5750007629395,42.810001373291,41.5130004882812,41.6500015258789,23174000,41.5242767333984
"2026-02-23",41.0449981689453,45.689998626709,40.5250015258789,44.0499992370605,75619500,43.9170303344727
"2026-02-24",43.4949989318848,48,43.0299987792969,47.0200004577637,58557200,46.8780670166016
"2026-02-25",47.3800010681152,48.5,46.4449996948242,47.3199996948242,42794100,47.1771621704102
"2026-02-26",47.5,47.7299995422363,44.4949989318848,45.5299987792969,48091800,45.3925628662109
"2026-02-27",45.810001373291,46.4199981689453,45.4199981689453,46.2099990844727,23641200,46.0705108642578
"2026-03-02",44.8199996948242,45.9550018310547,44.6399993896484,45.6300010681152,17355300,45.4922637939453
"2026-03-03",44.7299995422363,46.9599990844727,44.6599998474121,46.3800010681152,22406400,46.2400016784668
"2026-03-04",46.0499992370605,47.3300018310547,45.9300003051758,46.75,14612800,46.75
"2026-03-05",46.4850006103516,47.9150009155273,46.4850006103516,47.6399993896484,18317700,47.6399993896484
"2026-03-06",47.1699981689453,47.7299995422363,46.3549995422363,46.9700012207031,15900100,46.9700012207031
"2026-03-09",46.0499992370605,46.5260009765625,44.9599990844727,46.1599998474121,18908300,46.1599998474121
"2026-03-10",45.6100006103516,45.8199996948242,44.810001373291,45.0200004577637,17575900,45.0200004577637
"2026-03-11",45.4500007629395,46.1399993896484,44.7999992370605,45.5699996948242,13794100,45.5699996948242
"2026-03-12",45.2999992370605,46.0740013122559,44.3400001525879,44.3600006103516,15293100,44.3600006103516
"2026-03-13",44.2050018310547,45.25,44.1720008850098,44.9000015258789,13962500,44.9000015258789
"2026-03-16",45.25,45.9000015258789,45.189998626709,45.4199981689453,14460200,45.4199981689453
"2026-03-17",45.8400001525879,46.9799995422363,45.7439994812012,46.1300010681152,21819800,46.1300010681152
"2026-03-18",45.6150016784668,46.0769996643066,44.5499992370605,44.5900001525879,19662700,44.5900001525879
"2026-03-19",44.1949996948242,44.8400001525879,43.5320014953613,44.189998626709,22744600,44.189998626709
"2026-03-20",44.3300018310547,44.5499992370605,43.3300018310547,44.0099983215332,31695500,44.0099983215332
"2026-03-23",44.7200012207031,45.7400016784668,44.0099983215332,45.4900016784668,21262500,45.4900016784668
"2026-03-24",44.9449996948242,45.2649993896484,43.9900016784668,44.2099990844727,19616500,44.2099990844727
"2026-03-25",45.0800018310547,45.9599990844727,44.2000007629395,44.8499984741211,14861200,44.8499984741211
"2026-03-26",44.4799995422363,45.9720001220703,44.4700012207031,45.2000007629395,14613000,45.2000007629395
"2026-03-27",44.7200012207031,44.7900009155273,43.5499992370605,43.5900001525879,17434200,43.5900001525879
"2026-03-30",44,45.0149993896484,43.9199981689453,44.6699981689453,17778200,44.6699981689453
"2026-03-31",44.7400016784668,45.4700012207031,44.2799987792969,45.2299995422363,12695000,45.2299995422363
"2026-04-01",45.2900009155273,45.5,44,44.6300010681152,15319900,44.6300010681152
"2026-04-02",44.0200004577637,45.4199981689453,43.6749992370605,45.3400001525879,12747700,45.3400001525879
